dataset,scenario,a,b,metric,n,difference,ci_low,ci_high,p_sign
main_nominal,moving_front,economic,static_tuned,delivered,20,0.03227331685566618,0.02926549338113923,0.03520383900175923,4.999750012499375e-05
main_nominal,moving_front,economic,static_tuned,energy_wh,20,86.09246303539553,82.45157319185712,89.96180500406753,4.999750012499375e-05
main_nominal,moving_front,economic,adaptive,delivered,20,0.023252388396493306,0.01903650384717551,0.027367333092123778,4.999750012499375e-05
main_nominal,moving_front,economic,adaptive,energy_wh,20,-1490.2085734862874,-1546.1560111471344,-1439.096577021332,4.999750012499375e-05
main_nominal,moving_front,fungal,economic,delivered,20,0.0021137379166653925,0.0008500088003392998,0.00341316456423874,0.004749762511874406
main_nominal,moving_front,fungal,economic,energy_wh,20,8.077581335172832,5.967119812074997,10.072837550670814,4.999750012499375e-05
main_nominal,moving_front,deadline_fusion,fungal,delivered,20,-0.0003038091331548587,-0.0010717512180302253,0.00041249098527568304,0.448077596120194
main_nominal,moving_front,deadline_fusion,fungal,energy_wh,20,-1.4045761745583747,-4.017912205863039,1.220797993395909,0.33553322333883306
main_nominal,moving_front,recruitment,greedy_sparse,delivered,20,-0.001661525500869726,-0.0030129570684360733,-0.00039505058006107603,0.023398830058497074
main_nominal,moving_front,recruitment,greedy_sparse,energy_wh,20,-5.188263042030263,-8.373201355081136,-2.166010113222794,0.00439978001099945
main_nominal,sensor_fault,economic,static_tuned,delivered,20,0.0007280635400907787,-0.0015097173632122925,0.002673131776348986,0.51982400879956
main_nominal,sensor_fault,economic,static_tuned,energy_wh,20,-17.750532847209126,-19.73691712161584,-15.635532082795509,4.999750012499375e-05
main_nominal,sensor_fault,economic,adaptive,delivered,20,0.015925601991931392,0.013346629948310616,0.01855816431858289,4.999750012499375e-05
main_nominal,sensor_fault,economic,adaptive,energy_wh,20,13.838929292390905,1.1309759408575013,22.594936454762134,0.02304884755762212
main_nominal,sensor_fault,fungal,economic,delivered,20,-0.0008911686838124044,-0.0019167119736510161,0.0002166855774079443,0.1319934003299835
main_nominal,sensor_fault,fungal,economic,energy_wh,20,10.091579746183328,4.775981567490533,15.572822982272687,0.0015999200039998
main_nominal,sensor_fault,deadline_fusion,fungal,delivered,20,0.00044558434190624107,-7.99766767523362e-05,0.0009876922592032549,0.12904354782260888
main_nominal,sensor_fault,deadline_fusion,fungal,energy_wh,20,-1.5901388387727793,-6.201995376327795,2.958153234813782,0.5110244487775611
main_nominal,sensor_fault,recruitment,greedy_sparse,delivered,20,-0.00024150592536558712,-0.0009293939895359917,0.00046410110943013197,0.5169241537923104
main_nominal,sensor_fault,recruitment,greedy_sparse,energy_wh,20,-0.9970072821046159,-2.8479104645143742,0.9653173236495325,0.3208839558022099
main_nominal,storm,economic,static_tuned,delivered,20,0.0011752237771053998,-0.00047631429652041096,0.002861047418683814,0.19464026798660067
main_nominal,storm,economic,static_tuned,energy_wh,20,23.35538421201165,17.39329089495319,29.217115930337222,4.999750012499375e-05
main_nominal,storm,economic,adaptive,delivered,20,0.02650813161875943,0.021092538530635373,0.03180872376134641,4.999750012499375e-05
main_nominal,storm,economic,adaptive,energy_wh,20,-791.3273377447248,-908.0673630545657,-679.4668013278311,4.999750012499375e-05
main_nominal,storm,fungal,economic,delivered,20,0.0011362203731719671,-0.00033802950075642634,0.002728682078920826,0.17649117544122794
main_nominal,storm,fungal,economic,energy_wh,20,7.985390426150829,0.7849310460158009,15.523439320257872,0.05229738513074346
main_nominal,storm,deadline_fusion,fungal,delivered,20,0.001728362960161367,-0.0002021380956883689,0.0035367616931417023,0.08924553772311385
main_nominal,storm,deadline_fusion,fungal,energy_wh,20,13.322102831577604,4.700976104950342,22.749904512097054,0.007749612519374031
main_nominal,storm,recruitment,greedy_sparse,delivered,20,-0.0010672749621785187,-0.0023469116395612817,0.0002438894667171076,0.1399430028498575
main_nominal,storm,recruitment,greedy_sparse,energy_wh,20,-2.9135697123288593,-7.9398165458737155,1.8490628757578138,0.27748612569371534
main_short,moving_front,economic,static_tuned,delivered,20,0.019417093792883432,0.015519391220584352,0.023348960864600306,4.999750012499375e-05
main_short,moving_front,economic,static_tuned,energy_wh,20,61.06878737142008,54.9560306678772,67.13019507577457,4.999750012499375e-05
main_short,moving_front,economic,adaptive,delivered,20,0.015351652006665323,0.008616047367792458,0.02290413481403875,0.0002999850007499625
main_short,moving_front,economic,adaptive,energy_wh,20,-1654.4664343085992,-1746.851157355752,-1559.0202394541495,4.999750012499375e-05
main_short,moving_front,fungal,economic,delivered,20,0.004023418750494367,0.0023393227412106233,0.005706000238523112,0.00014999250037498125
main_short,moving_front,fungal,economic,energy_wh,20,6.783708100972942,0.17217470133340462,13.508945316561004,0.05794710264486776
main_short,moving_front,deadline_fusion,fungal,delivered,20,-0.0013639800949921178,-0.0030335744223899575,0.0001369984179666389,0.12264386780660967
main_short,moving_front,deadline_fusion,fungal,energy_wh,20,2.8402316621948756,-3.014000671624342,9.163867773036202,0.38458077096145193
main_short,moving_front,recruitment,greedy_sparse,delivered,20,-0.004923637509186052,-0.007124098002861787,-0.00285539160925228,0.00024998750062496874
main_short,moving_front,recruitment,greedy_sparse,energy_wh,20,-3.8189190091156973,-7.048972467418785,-0.7650309469680743,0.03079846007699615
main_short,sensor_fault,economic,static_tuned,delivered,20,-0.0014825233232475977,-0.004317194197554216,0.001277282684064558,0.3294835258237088
main_short,sensor_fault,economic,static_tuned,energy_wh,20,0.03350749258085841,-4.7600687790382255,4.497712480818205,0.9884005799710015
main_short,sensor_fault,economic,adaptive,delivered,20,0.021827723146747365,0.01607201249684823,0.027479749747856764,9.99950002499875e-05
main_short,sensor_fault,economic,adaptive,energy_wh,20,-157.2643930604125,-256.3957087291085,-83.23415687413625,4.999750012499375e-05
main_short,sensor_fault,fungal,economic,delivered,20,-0.0006350857286939015,-0.0025885062090267343,0.0011882249117498636,0.5322233888305584
main_short,sensor_fault,fungal,economic,energy_wh,20,11.694357720094876,3.3508037126299137,20.165910037168096,0.013949302534873257
main_short,sensor_fault,deadline_fusion,fungal,delivered,20,0.0016444465456379176,0.00013472918242560432,0.0030887544125062782,0.04769761511924404
main_short,sensor_fault,deadline_fusion,fungal,energy_wh,20,6.775576422141299,-3.330924427542865,17.15148711629804,0.2280885955702215
main_short,sensor_fault,recruitment,greedy_sparse,delivered,20,-0.0018047938729198187,-0.003502446577155813,-8.509833585477661e-05,0.054597270136493174
main_short,sensor_fault,recruitment,greedy_sparse,energy_wh,20,0.1720399932381241,-2.5772661178586582,3.0586888190957113,0.9110044497775112
main_short,storm,economic,static_tuned,delivered,20,0.005047592032274342,0.0028507745524458056,0.007182614725163904,0.00044997750112494374
main_short,storm,economic,static_tuned,energy_wh,20,15.721248166866548,8.753419032760027,23.128313302424587,0.0004999750012499375
main_short,storm,economic,adaptive,delivered,20,-0.0016302634896621232,-0.0053258360123550124,0.0018540799924357024,0.4047797610119494
main_short,storm,economic,adaptive,energy_wh,20,-468.5322052211832,-521.171268907458,-418.41647229287474,4.999750012499375e-05
main_short,storm,fungal,economic,delivered,20,0.0008096161119515777,-0.001014886299167915,0.002767271810388284,0.42352882355882204
main_short,storm,fungal,economic,energy_wh,20,-11.030731830460866,-19.836305683532178,-1.5801986374699828,0.03809809509524524
main_short,storm,deadline_fusion,fungal,delivered,20,0.0019269257438224857,-0.00028879262796269823,0.004017764277609696,0.10189490525473727
main_short,storm,deadline_fusion,fungal,energy_wh,20,8.508146891559017,-1.6123444995492668,18.825873969414683,0.13049347532623368
main_short,storm,recruitment,greedy_sparse,delivered,20,-0.0017646085476550639,-0.004442871832450817,0.0008785615229450317,0.2246387680615969
main_short,storm,recruitment,greedy_sparse,energy_wh,20,-3.7508665658784905,-8.569039547500285,0.5876447566616788,0.13974301284935753
