dataset,scenario,policy,n,delivered,delivered_lo,delivered_hi,energy_wh,energy_wh_lo,energy_wh_hi,capped_aoi_s,capped_aoi_s_lo,capped_aoi_s_hi,delivered_p10,delivered_p10_lo,delivered_p10_hi,graph_connected,graph_connected_lo,graph_connected_hi,command_stale,command_stale_lo,command_stale_hi,early_report_rate,early_report_rate_lo,early_report_rate_hi,runtime_s,runtime_s_lo,runtime_s_hi,min_separation_m,min_separation_m_lo,min_separation_m_hi
main_nominal,moving_front,adaptive,20,0.8141211097018115,0.8073767490386129,0.8203434566135333,1985.5712218038886,1934.9589091663988,2038.9496428044922,35.54996064562626,34.33829266492932,36.8692903630297,0.5910661886173328,0.5736054872317894,0.6077873880200093,0.7106656580937972,0.6769270045385779,0.7437216338880484,0.0,0.0,0.0,0.9471031746031743,0.9333333333333333,0.9609920634920635,9.557124902499993,9.212594185807466,9.921385580363767,984.0062061432291,948.9272114349009,1015.028137654242
main_nominal,moving_front,deadline_fusion,20,0.8391834268818152,0.8304706431300797,0.8481163414299929,502.03565347821603,498.75559096738715,505.1630960138028,27.117964350261463,25.776573999806327,28.49766122461206,0.6154006393355562,0.5926160613923522,0.638434917954808,0.6743570347957639,0.6437216338880483,0.7045385779122542,0.0,0.0,0.0,0.9624206349206348,0.9484523809523809,0.9763095238095237,43.51495622450003,42.05343466136373,45.02277366955877,1494.6789942066944,1469.5212431299315,1520.5153523129616
main_nominal,moving_front,economic,20,0.8373734980983046,0.8284070050381351,0.8458899869923817,495.36264831760144,491.71630269132913,499.24041715572554,27.547272035069632,26.26904007299322,28.891954123282755,0.6132329810678662,0.5917708013319338,0.6344947160826607,0.6736006051437217,0.6424357034795765,0.7035552193645991,0.0,0.0,0.0,0.9652380952380952,0.9499603174603173,0.9791666666666664,16.579123502499964,15.913959833308708,17.24239974673369,1510.1668895103282,1489.9505311548103,1530.6345194570179
main_nominal,moving_front,fixed_ring,20,0.7920310075130388,0.7828073231932006,0.801619068143763,363.8024973776842,363.80036367939243,363.8046741100319,34.66309995305318,32.897236547061674,36.30614419823664,0.5219488116359731,0.4994986342256633,0.5447742841590165,0.593267776096823,0.5589239788199697,0.626628214826021,0.0,0.0,0.0,0.920674603174603,0.906468253968254,0.9347222222222221,6.2471273520500405,5.906572518160049,6.6295029641600225,2496.12543261517,2495.8833093781445,2496.355884113308
main_nominal,moving_front,fungal,20,0.8394872360149701,0.8308978661534718,0.8480941909493542,503.4402296527743,499.6313041361558,507.247416317124,26.92597350081018,25.629213688866468,28.250534299943652,0.6187272300654434,0.5982148298117134,0.6401633495562118,0.6732223903177005,0.6417530257186081,0.703555219364599,0.0,0.0,0.0,0.9610317460317459,0.9458333333333332,0.975,16.727256001349986,16.095774012746226,17.345220483146182,1502.1466689533897,1479.3726774277284,1524.560602465271
main_nominal,moving_front,greedy_sparse,20,0.8286688066564516,0.819518671314475,0.8379910950699031,476.7900509122057,473.06152480287335,480.56244114024315,28.867170540343125,27.46679144759285,30.24396705629271,0.5913670291837485,0.5717898795051081,0.6118566858712421,0.647806354009077,0.6175491679273828,0.6773090015128592,0.0,0.0,0.0,0.9582936507936507,0.9430158730158731,0.9735317460317457,16.873362688700013,16.29016962942755,17.464000006162514,1527.2298583918619,1497.7359592301484,1556.8912210039719
main_nominal,moving_front,recruitment,20,0.8270072811555818,0.8181097924142607,0.8359344446455406,471.6017878701755,467.6418694807908,475.7997852927114,29.05123879419964,27.566970127591958,30.51404999579753,0.5897984818847095,0.570738593324314,0.6096658865542615,0.6446293494704992,0.6160344175491679,0.6731467473524962,0.0,0.0,0.0,0.9541269841269839,0.9388095238095235,0.9693650793650793,16.771216851150008,16.178874634295024,17.379884610790004,1528.53941230676,1496.6431581313523,1559.3813830061883
main_nominal,moving_front,static_tuned,20,0.8051001812426385,0.796495416056319,0.8143437400206678,409.27018528220606,409.2488514881874,409.29317219839504,31.847749132667445,30.0157559788182,33.61093914128305,0.5411501177662046,0.5201953483832255,0.5626201833783412,0.7383509833585478,0.7043097579425114,0.7716338880484115,0.0,0.0,0.0,0.9359920634920632,0.9194444444444445,0.951388888888889,6.272938835050013,6.0441136477313,6.5218832077162645,2246.2678306621065,2246.015170280804,2246.500928693485
main_nominal,sensor_fault,adaptive,20,0.7743688540090772,0.7642865134896619,0.785112420417297,377.2819559235324,368.86210331228415,390.4885211433013,31.594825548411496,29.781372378104514,33.30602952242498,0.6671874999999999,0.6518229166666667,0.6833333333333333,0.6944024205748864,0.6369875189107413,0.7492435703479576,0.0,0.0,0.0,0.9527380952380952,0.940238095238095,0.9652777777777775,10.963543423049918,9.174374193379922,13.102601882721231,2434.7114543615135,2416.709328478541,2452.2567599907893
main_nominal,sensor_fault,deadline_fusion,20,0.7898488716591022,0.7807573259423852,0.7999630255610187,399.6223261233339,395.7486020927208,403.33719883259585,28.968072365103374,27.29115371280887,30.537718803186454,0.6835937500000001,0.6700520833333333,0.6984374999999999,0.8454614220877458,0.814447806354009,0.875642965204236,0.0,0.0,0.0,0.9638492063492062,0.9527777777777778,0.9736111111111109,55.796829264100005,47.3402508863237,65.17548827671379,2154.7294978686077,2137.4666562682523,2171.567979800726
main_nominal,sensor_fault,economic,20,0.7902944560010086,0.780856361100605,0.8007855837115481,391.1208852159233,389.12559541004185,393.2516519356244,28.852415453227433,27.144532678154945,30.456495002442626,0.6841145833333333,0.6697851562499998,0.6994791666666667,0.8404689863842663,0.8066565809379729,0.8711062783661118,0.0,0.0,0.0,0.9666269841269839,0.9569444444444443,0.975,17.851172832149974,16.258529605972445,20.194858396468643,2154.3645550870656,2133.6909879678037,2173.5417574668986
main_nominal,sensor_fault,fixed_ring,20,0.7739626670448815,0.763781439107413,0.7848363826903682,363.4315975441993,363.42982150527996,363.4332877459327,31.671727259833585,29.838012461390562,33.40320049522504,0.6661458333333332,0.6507812499999999,0.6822916666666665,0.6951588502269288,0.6378214826021179,0.7505295007564297,0.0,0.0,0.0,0.9541666666666664,0.9402777777777777,0.9680555555555556,7.5299049001499725,6.352352779157423,8.924857938669986,2496.841378901877,2496.673434746752,2496.9861442645
main_nominal,sensor_fault,fungal,20,0.7894032873171961,0.7803578660804336,0.7997923955181542,401.2124649621066,396.4304617973291,406.1483006241649,28.996560608925865,27.287564562452722,30.54047972216968,0.6828124999999999,0.6697916666666666,0.6976562499999999,0.8475794251134644,0.8169440242057489,0.8769307866868381,0.0,0.0,0.0,0.958253968253968,0.947142857142857,0.9694444444444443,21.47927996909989,18.245524265398632,25.139755684548582,2152.4791444635785,2127.8970699783413,2173.178411596569
main_nominal,sensor_fault,greedy_sparse,20,0.7899268784669692,0.7804155536907462,0.8005567538924607,386.2877361999182,384.31442750232986,388.24177011500603,28.807252269288956,27.096822699981082,30.3851053288893,0.6822916666666667,0.6674479166666668,0.6986979166666665,0.8356278366111951,0.8016641452344931,0.8679292738275342,0.0,0.0,0.0,0.9666666666666665,0.9541666666666664,0.9791666666666666,19.575282508249984,17.10168811944121,22.595101480063725,2170.484275921181,2149.3905006429964,2190.118290473549
main_nominal,sensor_fault,recruitment,20,0.7896853725416035,0.780419808607539,0.8002791599691124,385.2907289178136,383.2100344938939,387.42155685259013,28.897135416666664,27.15897546134329,30.51092021440052,0.6833333333333333,0.6695247395833333,0.69921875,0.8344931921331316,0.7988634644478062,0.8680786686838123,0.0,0.0,0.0,0.9624603174603173,0.9499603174603175,0.9749603174603173,23.9943784067,19.634140046113732,28.784430397368727,2180.5423234544614,2163.9338804948648,2197.5087870085836
main_nominal,sensor_fault,static_tuned,20,0.7895663924609176,0.7802099092284417,0.7999832167170952,408.8714180631324,408.852304802076,408.89255087367485,29.005342284417548,27.321044700264753,30.608913508966836,0.6880208333333332,0.6736979166666666,0.7033854166666667,0.8660363086232981,0.8391074130105899,0.8916036308623297,0.0,0.0,0.0,0.9625,0.9499999999999998,0.9749999999999999,8.670388237449993,7.086876892156257,10.412628205312457,2246.9437063396354,2246.8131002130053,2247.072531221297
main_nominal,storm,adaptive,20,0.4879479481845689,0.47502810017965214,0.5008167667360061,1223.921808032363,1114.2050149670897,1339.797119550686,98.27583680030257,95.6052331536813,100.73987162364472,0.16432291666666662,0.1427083333333333,0.18541666666666665,0.26369137670196674,0.2540847201210288,0.27299546142208775,0.000605143721633888,6.27206253151793e-05,0.0014876449823499748,0.7301587301587301,0.7,0.7583333333333334,8.301441423399984,7.845843422106252,8.824086239618694,1738.0070732976315,1619.372773153359,1854.2749541990027
main_nominal,storm,deadline_fusion,20,0.5173206631366616,0.5048433757249118,0.5289157447680283,453.9019635453666,446.49141790034537,460.94539500512377,95.48273606908722,93.11234290295637,97.72412562444842,0.21614583333333331,0.19505208333333335,0.23567708333333331,0.2940242057488653,0.27957639939485623,0.3093797276853253,1.2607160867372665e-05,0.0,3.7821482602118e-05,0.7411904761904762,0.7064682539682539,0.775,40.64025778240003,38.97822195305002,42.54191298507001,1681.6701931663429,1593.0962599397383,1774.007058600438
main_nominal,storm,economic,20,0.5144560798033282,0.501525811192007,0.5265014833112708,432.59447028763816,426.6363661676146,438.4565720055034,95.74471878151789,93.3642686960256,98.05552607318457,0.21093749999999994,0.18984375,0.23046875,0.28842662632375193,0.27496217851739785,0.3021936459909228,1.2607160867372665e-05,0.0,3.7821482602118e-05,0.7328968253968255,0.700515873015873,0.7625,15.78763401559998,14.842830599934983,17.09867474143995,1756.1958785183583,1694.4421594459595,1814.7910443807127
main_nominal,storm,fixed_ring,20,0.4757654910489159,0.46053757721886024,0.49044158550806866,363.93317728649447,363.92898307839465,363.93723302141683,100.40655335980837,97.99271242081124,102.77126089337493,0.14140625,0.11848958333333333,0.1640625,0.26066565809379727,0.25181354009077145,0.26989599092284405,0.0005042864346949066,0.00012607160867372666,0.0009959657085224405,0.7092460317460316,0.6796031746031745,0.7384126984126984,5.691645231050001,5.077311845232488,6.628575181613769,2494.554191491123,2494.30247216167,2494.8132172654564
main_nominal,storm,fungal,20,0.5155923001765003,0.5027877288987646,0.5277404914428896,440.5798607137889,432.3064604641969,449.2198862983265,95.53474848714069,93.1215989721224,97.91886572979702,0.21484375000000006,0.19322916666666662,0.23515625,0.2915279878971256,0.2779122541603631,0.3050680786686838,1.2607160867372665e-05,0.0,3.7821482602118e-05,0.7509126984126984,0.7161904761904762,0.7819444444444444,15.575306539250045,14.965896418537541,16.30833660898508,1955.3387032531925,1902.1141016625968,2001.6110393969807
main_nominal,storm,greedy_sparse,20,0.5119381933938477,0.49872110202344927,0.5246974675365608,419.1645056045396,415.1668782847422,423.4509374174138,96.60492703605647,94.03029067385273,99.03360236817636,0.20703125,0.18463541666666666,0.22916666666666666,0.2812405446293495,0.2682299546142209,0.2946293494704993,1.2607160867372665e-05,0.0,3.7821482602118e-05,0.7315079365079364,0.7009523809523809,0.7597222222222222,15.482379249700028,14.792737196197521,16.23973498664254,1881.8097678798003,1839.8207964967119,1922.1117049387053
main_nominal,storm,recruitment,20,0.5108709184316692,0.49741739354828535,0.5236123554116238,416.2509358922108,413.14178393426386,419.58933507371034,96.74753766389308,94.18489627655383,99.16213710090454,0.2052083333333333,0.18307291666666667,0.2263020833333333,0.2807110438729198,0.2680786686838124,0.29372163388804845,6.303580433686333e-05,0.0,0.0001765002521432173,0.7273412698412698,0.6945238095238095,0.7565079365079365,15.27943031435002,14.53453856643375,16.09011658043378,1922.5931558505577,1882.181261033283,1960.288889594388
main_nominal,storm,static_tuned,20,0.513280856026223,0.5017719561585979,0.5243815596633887,409.2390860756265,409.23012818461393,409.2488522573762,97.40467607476047,94.87012846499937,99.74858021700076,0.21328124999999995,0.19166666666666668,0.23385416666666664,0.3049924357034796,0.29039334341906203,0.31996974281391827,1.2607160867372665e-05,0.0,3.7821482602118e-05,0.7328968253968254,0.7023412698412699,0.7611111111111111,5.496057798800007,5.22505633051251,5.771183124696242,2244.5530885184935,2244.3038043703855,2244.808004783737
main_short,moving_front,adaptive,20,0.7235786817026224,0.7076104329706179,0.7391568998570598,2158.9350845103486,2062.1303041914325,2251.5907742249487,43.62272717180592,41.37719230917594,46.0391978036178,0.3010726043028462,0.24545333093202734,0.35592710702189717,0.23585476550680787,0.19296331316187593,0.28025718608169436,0.0012228946041351486,0.00044125063035804334,0.002218860312657589,0.9331746031746031,0.9177380952380952,0.9484523809523809,8.653172545849975,8.256232596654984,9.07006089537999,965.3642421186105,899.6149038260821,1026.1137491353338
main_short,moving_front,deadline_fusion,20,0.74158977236479,0.7247321118461904,0.7583923004477124,514.0925899649171,509.53443221877956,518.1735962539647,39.054583472365195,36.91592170242664,41.215564464012665,0.34222232233837835,0.29108627411302634,0.39153010679283595,0.289409984871407,0.25204046898638416,0.32715771558245066,0.0003908219868885526,0.00010085728693898132,0.00075642965204236,0.9360317460317461,0.9221428571428569,0.9499206349206346,42.46918474945003,41.05751789334753,43.87245055257251,1476.6114357572883,1453.3201816127885,1501.350414877346
main_short,moving_front,economic,20,0.7389303337092878,0.7220674557812943,0.75520905841438,504.46865020174937,498.34157427690957,510.5243699015366,39.10998931674787,36.95105653488904,41.307567284477486,0.33255718753413305,0.2807003351453522,0.38096377503152756,0.28517397881996975,0.2487897125567322,0.3218608169440242,0.0005925365607665153,0.000151285930408472,0.0011220373171961673,0.9318253968253967,0.9152777777777776,0.9471031746031745,15.984678323599985,15.376671666229948,16.63258713632371,1425.5350366283155,1384.5892809458514,1468.178948405245
main_short,moving_front,fixed_ring,20,0.6156132496199037,0.5938185847729279,0.636472326525744,363.80252094012246,363.8003793873078,363.8046352344735,53.153039025992356,49.699916639982234,56.71143256695496,0.08537908244848538,0.05911052760569036,0.11343743344848387,0.087821482602118,0.06716906202723147,0.10907715582450832,0.02047402924861321,0.012884518406454867,0.029072112960161368,0.8664285714285714,0.8444444444444444,0.8886507936507936,5.063931107399992,4.851775965111231,5.290634824811247,2495.9504716967613,2495.7173510385483,2496.1713110221126
main_short,moving_front,fungal,20,0.7429537524597822,0.7257742188656802,0.7592790715327149,511.2523583027222,505.29749512960905,517.3230410737713,38.3013511541429,36.09622385555263,40.60468693060516,0.33601240719895087,0.28414808314533063,0.38509762207268844,0.28124054462934944,0.24387102874432673,0.31913767019667166,0.00056732223903177,0.00011346444780635399,0.0011724659606656578,0.9332539682539682,0.9151190476190475,0.9499999999999998,16.098466146200007,15.439896376082498,16.765891326668775,1510.2372763830144,1484.1651028910367,1537.5238499298441
main_short,moving_front,greedy_sparse,20,0.712497193955431,0.6949395632911827,0.7299892067154666,454.5831806561449,450.68558627878906,458.78028837828526,42.32353976675669,39.78189841746743,44.87689164950974,0.26043548728370874,0.20805421685140588,0.3122360952208818,0.29024205748865356,0.2591509077155824,0.32102874432677764,0.007576903681290971,0.003946041351487645,0.011749873928391327,0.922063492063492,0.9069444444444444,0.9374999999999998,15.452936034900016,14.921723469920034,15.981605957238727,1558.201175853227,1513.7529640897449,1603.861876534268
main_short,moving_front,recruitment,20,0.7075735564462448,0.6885753504185186,0.7255517102810486,450.76426164702934,445.8826140319425,455.6169104516846,42.93720513699485,40.33590559433354,45.697256553885175,0.2500407981818161,0.1986039577240018,0.3003788331491402,0.2774583963691376,0.24667170953101367,0.3077174735249621,0.008257690368129098,0.004563792233988905,0.012468482097831569,0.913690476190476,0.8998015873015873,0.9263888888888892,15.581515547549975,14.932843433704987,16.1993944447887,1556.6937085653828,1498.7372238520634,1616.430184138998
main_short,moving_front,static_tuned,20,0.7195132399164044,0.703728044575909,0.7350974467995641,443.3998628303292,443.3487566159034,443.45421476746145,41.009902397234946,38.71386397933472,43.270858126001215,0.28330198808796714,0.23812968694828518,0.3289228891507796,0.3056732223903177,0.2736006051437217,0.33835098335854763,0.0007186081694402419,0.00020171457387796265,0.001361573373676248,0.9165079365079366,0.8944444444444445,0.9375,5.333158703050026,5.090086850772526,5.575309797566295,2121.2850646782,2121.027470775327,2121.531456291893
main_short,sensor_fault,adaptive,20,0.7081702281896117,0.6949381658156832,0.7224242092946292,600.2772326413409,526.4747087279793,696.6496356290546,41.44522188603126,39.140285788577906,43.564256088864724,0.590625,0.5744791666666667,0.6075520833333332,0.358018154311649,0.29092095310136157,0.42579425113464453,0.0,0.0,0.0,0.9388095238095238,0.9234523809523809,0.9540873015873016,9.985270449749986,8.852391195918766,11.395135301436238,1915.4607872423185,1873.710057934956,1943.1816347464892
main_short,sensor_fault,deadline_fusion,20,0.731007312153303,0.7156781175144982,0.746964481294125,461.48277372316477,453.7377385643522,469.68593606194304,36.2152515128593,34.102027093576645,38.16389067818645,0.5955729166666667,0.5708333333333332,0.6205729166666665,0.1347201210287443,0.09712556732223904,0.17518910741301058,0.0,0.0,0.0,0.9568650793650793,0.9428174603174604,0.9708333333333332,47.80782877200003,42.77137342881882,54.34162906211501,1904.657437331877,1878.9259010256608,1929.7064417126537
main_short,sensor_fault,economic,20,0.7299979513363589,0.7147479848241302,0.745940907873172,443.0128395809285,438.2125678143365,447.4774621627103,36.306866174987384,34.24794257044251,38.114611009991165,0.59296875,0.5687499999999999,0.6171874999999999,0.12254160363086235,0.0886535552193646,0.15801815431164903,0.0,0.0,0.0,0.959642857142857,0.9471428571428572,0.9721428571428572,17.954518513399943,15.765734153513646,20.705701835619962,1909.6811534849153,1885.163131398114,1935.2172828015593
main_short,sensor_fault,fixed_ring,20,0.611386236132123,0.5785239575453855,0.6428356361100604,363.43159384599915,363.4298265898758,363.43330126752727,44.64464550239536,41.9631780288704,47.384040614756685,0.39088541666666665,0.33880208333333334,0.4427083333333333,0.00847201210287443,0.004689863842662631,0.012934947049924355,0.0003656076651538073,6.303580433686333e-05,0.0007816439737771052,0.9430158730158729,0.9305555555555557,0.9541666666666663,6.035100084250087,5.231638403258791,7.0313895677626705,2496.8413789018773,2496.6783847822503,2496.9849918787545
main_short,sensor_fault,fungal,20,0.7293628656076651,0.7140624901506554,0.7450826753971254,454.70719730102354,446.14898738303606,463.5466272808565,36.77961500882502,34.609922820537065,38.802309425034665,0.5921874999999999,0.5684895833333333,0.6153645833333332,0.13918305597579425,0.10143721633888048,0.1789712556732224,0.0,0.0,0.0,0.9582142857142857,0.9469841269841268,0.9694444444444443,21.047723080449977,17.38818168573247,25.128831320625025,1996.5270469305494,1971.911366380964,2018.815036142749
main_short,sensor_fault,greedy_sparse,20,0.7257946451084216,0.7087658377458396,0.7429360600258444,420.11517851862163,416.3940995720919,423.8267721251005,36.300066187594545,34.10808591780131,38.377558613448684,0.5846354166666666,0.5578124999999999,0.6106770833333334,0.10960665658093798,0.0773071104387292,0.14349470499243572,0.0,0.0,0.0,0.9568253968253966,0.9442063492063492,0.9694444444444443,18.73442724894994,16.03937774161872,22.062880181173703,1921.6817439446518,1896.4606901536838,1949.0994680832316
main_short,sensor_fault,recruitment,20,0.7239898512355017,0.70708786403177,0.7413192113432928,420.28721851185975,417.0011372550397,423.52055278960813,36.40553296772567,34.274101592048034,38.365658487771036,0.5815104166666665,0.5539062499999999,0.6088541666666666,0.106732223903177,0.07624432677760969,0.1386535552193646,0.00013867876954109934,0.0,0.00037821482602118,0.9624603174603175,0.951388888888889,0.9722222222222221,16.21090650935007,15.499632315805034,16.883104928516357,1934.278796863376,1910.3165014235863,1957.8222600326972
main_short,sensor_fault,static_tuned,20,0.7314804746596065,0.7162257312153302,0.7470413652767273,442.97933208834775,442.9493250468189,443.0110324062668,36.323653397629855,34.212217767035405,38.38170971815116,0.5958333333333332,0.5723958333333333,0.6187499999999999,0.15408472012102872,0.11225416036308622,0.19757942511346446,0.0,0.0,0.0,0.9638492063492061,0.9513492063492064,0.9762698412698413,6.591891165250024,5.562768986621207,7.85612375768134,2121.9464297198037,2121.8153717937826,2122.075574973948
main_short,storm,adaptive,20,0.35815289334341904,0.34798203676563283,0.3685775478284165,927.5255546758551,875.7310206024534,984.0572972102568,138.72132855837114,135.8235940553297,141.58535550223777,0.0125,0.0033854166666666663,0.023697916666666662,0.11747352496217851,0.09947049924357035,0.13517397881996976,0.027811396873424106,0.018343419062027234,0.03833869137670194,0.5728174603174604,0.527579365079365,0.6166666666666666,8.030605385799998,7.473279721896259,8.678438078946229,1718.910799177458,1713.2717481684658,1724.2498093916736
main_short,storm,deadline_fusion,20,0.3592591717095309,0.347795273496596,0.3703249791193898,456.47076451577004,444.8972874805793,467.1735873117521,133.86517626386788,131.08708667226108,136.59672553619828,0.028906249999999994,0.018229166666666664,0.03984375,0.13978819969742814,0.12685325264750383,0.15325264750378215,0.020045385779122536,0.011396558245083205,0.029727685325264746,0.571626984126984,0.5291617063492062,0.6126984126984127,39.65671490619998,38.02472709639247,41.549884676223705,1374.0145271863018,1269.0893251066548,1488.3272486556139
main_short,storm,economic,20,0.35652262985375693,0.34487005759896616,0.36790189265002515,458.99334945467183,452.0226564102754,466.4068673412984,131.57211493003027,128.55749791193898,134.60237777948495,0.0234375,0.013802083333333331,0.03307291666666667,0.12488653555219367,0.11119515885022695,0.1385798033282903,0.03078668683812405,0.01872163388804841,0.04427666414523448,0.5633333333333332,0.5175,0.6080555555555556,14.801100055800026,14.011231071193754,15.63912617723255,1404.0110290940843,1331.3306917695395,1480.4844321029173
main_short,storm,fixed_ring,20,0.3006059316691881,0.29219971318709026,0.30900881122352486,363.93353488387197,363.92891442523023,363.9378116521839,153.6838498329551,148.1727611947649,159.04294304321104,0.0,0.0,0.0,0.105446293494705,0.0909228441754917,0.11989409984871405,0.3158219868885527,0.2773197175995966,0.35260999747856775,0.4715079365079366,0.4319444444444446,0.5083333333333335,4.780865643749985,4.5337370736912215,5.067140338171284,2493.4230004585957,2492.9695831654017,2493.8764502623103
main_short,storm,fungal,20,0.3573322459657085,0.3459211402389057,0.36852488338376194,447.962617624211,440.51527660092427,455.58974017429375,131.67916154500756,128.4871959507375,134.8302798395739,0.023437499999999993,0.014062499999999997,0.03333333333333333,0.13706505295007565,0.1224659606656581,0.15166603630862313,0.024041855774079676,0.013540090771558244,0.03627080181543115,0.5758333333333333,0.5313888888888889,0.6216666666666666,15.343642122249998,14.569798309846247,16.192868404377514,1714.5606671123642,1651.0089601837706,1770.741408556212
main_short,storm,greedy_sparse,20,0.3427236983106404,0.33103194536371655,0.35445669046268274,417.06525642478357,411.8932011885198,421.9436882733522,131.49930857602118,127.82074670834908,135.38495291028428,0.012239583333333333,0.005729166666666666,0.019531249999999997,0.11770045385779124,0.10325264750378213,0.13199697428139184,0.07439485627836609,0.04775561018658597,0.10392114220877458,0.5271428571428571,0.48130952380952374,0.5743650793650793,13.26129107894999,12.391053891331218,14.166524623633745,1693.8131216463262,1612.456967836848,1775.775595435881
main_short,storm,recruitment,20,0.3409590897629853,0.3292015727433182,0.3526973020675743,413.3143898589051,408.3355418667898,418.69619213242936,132.01555802445787,127.82045531549419,136.3546399276664,0.009895833333333333,0.00390625,0.01640625,0.11686838124054463,0.10234493192133132,0.13154311649016642,0.0883761976802824,0.05750126071608673,0.12182299546142208,0.5493253968253968,0.5069444444444444,0.5930555555555557,13.460851590400006,12.759462492077509,14.191417744132526,1711.3566311359268,1618.548748073616,1802.8401103775075
main_short,storm,static_tuned,20,0.35147503782148254,0.3413885113306858,0.3614182957482349,443.2721012878054,443.262280201187,443.2831199731192,127.7652014781896,123.71592412459023,131.87097068244137,0.003645833333333333,0.0,0.009114583333333332,0.19069591527987897,0.1802571860816944,0.20128593040847204,0.07671457387796268,0.05413451840645486,0.10047938729198183,0.5521825396825397,0.5111111111111112,0.5918700396825394,4.937746626650016,4.666514625645016,5.23222590019628,2119.0940806367353,2118.651986413425,2119.4796461163337
