policy,mean_step_reward,delivered,energy_wh,discounted_return,postwarmup_utility,capped_aoi_s,graph_connected
constant_0,0.6054916913129346,0.6061051003427808,260.9587005929046,20.19562668185322,0.5897951815557242,63.267151738724586,0.13558986539984164
constant_1,0.6063786397050123,0.6070986718507857,260.85532240792435,20.22063348780533,0.5907952142002905,62.34447239286177,0.1342042755344418
constant_2,0.6053142553740442,0.6057144375479132,258.63366143088064,20.187011106728495,0.5895498337084831,63.10899285801249,0.13321456848772764
constant_3,0.6145142248084495,0.6191588409952754,324.7326592888282,20.51613499585541,0.5988630497897237,61.09227162831548,0.14390340459224069
constant_4,0.6130774204974567,0.6167036590662386,307.0750122309317,20.460241217181633,0.5975114708018053,61.39395267888555,0.13677751385589867
constant_5,0.6102346224172723,0.6124130557827712,288.5122470785422,20.366964218401264,0.5943810403403623,61.8450022631561,0.13163103721298494
constant_6,0.6116999037575671,0.6190010492110686,370.3544297375697,20.421011914278576,0.5958538973524704,61.17441232175156,0.1365795724465558
constant_7,0.6121804852034688,0.6173834545891757,339.45492346204946,20.440095058268327,0.5961675218727975,61.44211876987426,0.138756927949327
constant_8,0.6113239576167132,0.6155847495218502,310.62319719615385,20.397926040479792,0.5961707996970905,61.80550116668505,0.13321456848772764
ppo_seed0,0.6063786397050123,0.6070986718507857,260.85532240792435,20.22063348780533,0.5907952142002905,62.34447239286177,0.1342042755344418
ppo_seed1,0.6145142248084495,0.6191588409952754,324.7326592888282,20.51613499585541,0.5988630497897237,61.09227162831548,0.14390340459224069
ppo_seed2,0.6063786397050123,0.6070986718507857,260.85532240792435,20.22063348780533,0.5907952142002905,62.34447239286177,0.1342042755344418
