scenario,policy,mean_step_reward,delivered,energy_wh,discounted_return,postwarmup_utility
intermittent,constant_0,0.7424051241007245,0.7449937318553707,261.3328292032245,24.723825744232887,0.7286604300301692
intermittent,constant_1,0.7458635309045616,0.7488288466613882,259.7020240455325,24.830503650993965,0.7325974701585425
intermittent,constant_2,0.7438912902400778,0.7464205595143837,257.46157838097594,24.764048906406998,0.7303292108655727
intermittent,constant_3,0.7420343316448367,0.7483669833729216,320.3905084974295,24.702790850725766,0.7283425765918322
intermittent,constant_4,0.7411325352726249,0.7468989179202956,292.1109171194819,24.663393478853294,0.728641985600328
intermittent,constant_5,0.7429352623550725,0.7473360385325942,270.67469120772836,24.719874099341098,0.7304188703321112
intermittent,constant_6,0.7403654845492671,0.7475422275006598,343.27261758209625,24.651235945702997,0.7260876889017789
intermittent,constant_7,0.7426136123068018,0.7480618237001847,303.4831290170968,24.712015863482687,0.7290941281366162
intermittent,constant_8,0.7397513316688675,0.7443999076273423,268.60832292774654,24.606085002183118,0.7276118874443581
intermittent,ppo_seed0,0.7458635309045616,0.7488288466613882,259.7020240455325,24.830503650993965,0.7325974701585425
intermittent,ppo_seed1,0.7420343316448367,0.7483669833729216,320.3905084974295,24.702790850725766,0.7283425765918322
intermittent,ppo_seed2,0.7458635309045616,0.7488288466613882,259.7020240455325,24.830503650993965,0.7325974701585425
moving_front,constant_0,0.6587255817038873,0.7043920297691173,263.1011465446456,20.892314820381383,0.6879482081100771
moving_front,constant_1,0.6586407326529983,0.7042672791159957,262.708063860064,20.890415606605355,0.6878480251247417
moving_front,constant_2,0.6566853460786963,0.7020128702761079,262.3573783291362,20.82276127386697,0.685615534130537
moving_front,constant_3,0.6832522645424026,0.7352623104049606,349.8557181435661,21.7716803285194,0.7133963280209877
moving_front,constant_4,0.6813970351638066,0.7322210759588049,336.8607314733848,21.709956366051305,0.7111672802417183
moving_front,constant_5,0.6726527230453333,0.721137113603505,320.81106910908267,21.42768783376283,0.7010864217841873
moving_front,constant_6,0.6788302191780011,0.7364868439807218,438.1410155495173,21.63330788018257,0.709103030508877
moving_front,constant_7,0.6796550411654524,0.7352206750471223,409.76508822295824,21.671195167512725,0.7096103570331874
moving_front,constant_8,0.6813028187537937,0.7358775306817528,389.4133836009687,21.720722795719393,0.7115391942066922
moving_front,ppo_seed0,0.6586407326529983,0.7042672791159957,262.708063860064,20.890415606605355,0.6878480251247417
moving_front,ppo_seed1,0.6832522645424026,0.7352623104049606,349.8557181435661,21.7716803285194,0.7133963280209877
moving_front,ppo_seed2,0.6586407326529983,0.7042672791159957,262.708063860064,20.890415606605355,0.6878480251247417
sensor_fault,constant_0,0.6640554991314148,0.6873103061493797,263.1907176010655,21.96044774376456,0.6708608862993132
sensor_fault,constant_1,0.6638993824571585,0.687046384270256,261.98488068546436,21.953814838958248,0.6706723292274145
sensor_fault,constant_2,0.6658741615532546,0.6890835312747425,259.6708225553329,22.020153298955208,0.6728541048650344
sensor_fault,constant_3,0.6704048131142182,0.6945929005014516,311.3702123947319,22.20613204690376,0.6751322622267808
sensor_fault,constant_4,0.6691325570589415,0.691821720770652,290.29112409397237,22.155221673911626,0.6736785255147786
sensor_fault,constant_5,0.6669850984476616,0.6896856030614938,278.1226840966724,22.073348359666962,0.6723029353054518
sensor_fault,constant_6,0.6668122450043917,0.6910052124571125,321.3975984482485,22.080297018070667,0.6709178625540971
sensor_fault,constant_7,0.6673350779198498,0.6896938506202165,301.1109755046235,22.105819208784833,0.6708744146511775
sensor_fault,constant_8,0.6658675210757643,0.6890835312747426,279.33725538036214,22.021614612746934,0.67162495281347
sensor_fault,ppo_seed0,0.6638993824571585,0.687046384270256,261.98488068546436,21.953814838958248,0.6706723292274145
sensor_fault,ppo_seed1,0.6704048131142182,0.6945929005014516,311.3702123947319,22.20613204690376,0.6751322622267808
sensor_fault,ppo_seed2,0.6638993824571585,0.687046384270256,261.98488068546436,21.953814838958248,0.6706723292274145
storm,constant_0,0.3567805603157119,0.2877243335972552,256.2101090226829,13.20591841903405,0.27171120178333746
storm,constant_1,0.3571109128053305,0.28825217735550274,259.0263210406366,13.207799854663753,0.2720630322904629
storm,constant_2,0.3548062236241479,0.2853407891264185,255.04486645807754,13.141080947684804,0.2694004849727887
storm,constant_3,0.3623654899323407,0.29841316970176823,317.3141981195854,13.383936757272712,0.27858103231929415
storm,constant_4,0.3606475544944538,0.29587292161520184,309.0372762368876,13.312393349910309,0.2765580918503964
storm,constant_5,0.35836540582102194,0.2914934679334917,284.4405439006854,13.246946580834171,0.27371593393969884
storm,constant_6,0.3607916662986082,0.30096991290577985,378.6064873704169,13.319206813158063,0.27730700744512876
storm,constant_7,0.3591182094217708,0.2965574689891792,343.46050110351916,13.271349993293063,0.2750911876702092
storm,constant_8,0.358374158968427,0.29297802850356297,305.1338268755381,13.243281751269727,0.2739071643238418
storm,ppo_seed0,0.3571109128053305,0.28825217735550274,259.0263210406366,13.207799854663753,0.2720630322904629
storm,ppo_seed1,0.3623654899323407,0.29841316970176823,317.3141981195854,13.383936757272712,0.27858103231929415
storm,ppo_seed2,0.3571109128053305,0.28825217735550274,259.0263210406366,13.207799854663753,0.2720630322904629
