accepted_moves,aoi_cap_fraction,calibration_fraction,capped_aoi_s,collision_steps,command_stale,conditional_expected,delivered,delivered_below_half_fraction,delivered_p10,distance_km,early_local_rate,early_report_rate,early_reports,eligible_targets,energy_wh,exogenous_sha256,extension_sha256,graph_connected,local_fresh,mean_recruited_vessels,min_separation_m,observations,offset_interval90,offset_rmse,policy,range_interval90,range_rmse,raw_scan,run_id,runtime_s,scenario,seed,source_sha256,switches,telemetry_stale
45,0.054722957639939486,0.0,46.936696293494705,0,0.0,0.3930592948934908,0.6915658093797276,0.049924357034795766,0.5572916666666666,12.756390166552873,0.8888888888888888,0.8888888888888888,32,36,508.91971441169255,ba12b80176036ce405bf4e6e6df9481c07e23c7b2df952335b0683db80b6e187,f000d324411431a807bac72657424c44472cc457a2b2f856442e941850c00046,0.16036308623298035,0.7378025718608169,4.5,2017.867815982984,8677,1.0,0.4389560222161436,fungal,0.959909228441755,0.15362024673290478,0.39204330559757944,749f21f7fa76e050a0a0acdf,13.215314717999718,sensor_fault,7404,24bfb8b9aac5b87f9f268595cf4462964bd3a01da9d8089f51ed740d780fee86,45,0.0055471507816439725
0,0.08526380484114975,0.0,56.72075926626324,0,0.0,0.37889897335547035,0.6510731845688351,0.08169440242057488,0.5208333333333333,3.0866879609284332,0.8888888888888888,0.8888888888888888,32,36,443.18886449021034,580d08a6660d7a74e12557b1e18d4d8db6e57b6ac0bf9c2033a30d5eae99147c,f000d324411431a807bac72657424c44472cc457a2b2f856442e941850c00046,0.030257186081694403,0.7081836232980332,0.0,2122.1650971371746,6109,1.0,0.41942854644615546,static_tuned,0.961169944528492,0.17490818811643857,0.37864031770045387,3fa4a18b3eec22a201fd681d,4.4284616360000655,sensor_fault,7401,24bfb8b9aac5b87f9f268595cf4462964bd3a01da9d8089f51ed740d780fee86,0,0.0037821482602118004
57,0.06486335426306801,0.0,40.17379572145518,0,0.0,0.5243305983703622,0.7769798832934387,0.1649016641452345,0.4343418198697151,14.084330234354997,0.9166666666666666,0.8888888888888888,32,36,517.7290311744742,f6607a969a5ef1eea39be0c460b71ba26e71f1756695c2542e3419a04b4aaaf6,f000d324411431a807bac72657424c44472cc457a2b2f856442e941850c00046,0.4039334341906203,0.8071013074372799,5.65,1382.793267188799,10904,1.0,0.16097324728952628,economic,1.0,0.1182146667926143,0.5243663963023464,8ab9bf5c656af1d5203fa99a,13.613618398000199,moving_front,7407,24bfb8b9aac5b87f9f268595cf4462964bd3a01da9d8089f51ed740d780fee86,57,0.0025214321734745334
41,0.36592284417549165,0.0,148.01846949067067,0,0.041099344427634896,0.26869471155710056,0.3388253277861825,0.6944024205748865,0.0,9.473291085808285,0.75,0.6666666666666666,24,36,452.1214222992646,ba12b80176036ce405bf4e6e6df9481c07e23c7b2df952335b0683db80b6e187,f000d324411431a807bac72657424c44472cc457a2b2f856442e941850c00046,0.13767019667170954,0.4551342662632375,4.083333333333333,1354.3176586998648,5816,1.0,0.3258285403658806,economic,1.0,0.08797778669921798,0.2690525718608169,6feebed1ee8d00d8b52daa6a,11.741657891000159,storm,7404,24bfb8b9aac5b87f9f268595cf4462964bd3a01da9d8089f51ed740d780fee86,41,0.27811396873424105
51,0.07773358309942169,0.0,50.81776810065738,0,0.013111447302067576,0.47955885758482014,0.6912392653351361,0.29652042360060515,0.2402007755854188,13.802965382418536,0.8611111111111112,0.8333333333333334,30,36,505.9341935526393,0803aedd6dc7e01a9cfc12b773308a5e492e508a5cc56bfeb608fc07a4e1aa85,f000d324411431a807bac72657424c44472cc457a2b2f856442e941850c00046,0.21936459909228442,0.7788632733591543,5.083333333333333,1525.4889158014869,7678,1.0,0.5574098725006903,fungal,1.0,0.09595149540105868,0.48204106466329627,0b881c4ac25cadcd58498553,13.280371880000075,moving_front,7406,24bfb8b9aac5b87f9f268595cf4462964bd3a01da9d8089f51ed740d780fee86,51,0.07211296016137167
42,0.04415658093797276,0.0,41.59409669692385,0,0.0,0.3979603235561499,0.7125173348461926,0.037821482602118005,0.5625,14.031368854397996,1.0,1.0,36,36,524.3569848918731,c359e5cb27b972ae55146d09e06772a6f7492831e575cb57f6264e844f1f95bf,f000d324411431a807bac72657424c44472cc457a2b2f856442e941850c00046,0.17549167927382753,0.755555030257186,4.166666666666667,1823.1298897125682,8912,1.0,0.284982201638436,deadline_fusion,0.9662128088754414,0.1890516174233081,0.39739346949067067,fccf9f9dc8057943ed16b1be,36.33878355099978,sensor_fault,7402,24bfb8b9aac5b87f9f268595cf4462964bd3a01da9d8089f51ed740d780fee86,42,0.00302571860816944
26,0.35387512607160865,0.0,149.06348493444276,0,0.04815935451336359,0.2715713775889508,0.31798411497730705,0.7125567322239031,0.0,7.629751226968338,0.6388888888888888,0.3888888888888889,14,36,431.99079624612546,580d08a6660d7a74e12557b1e18d4d8db6e57b6ac0bf9c2033a30d5eae99147c,f000d324411431a807bac72657424c44472cc457a2b2f856442e941850c00046,0.08169440242057488,0.46042139435199186,2.4166666666666665,1816.8409581012754,4535,1.0,0.3514716306709643,fungal,1.0,0.08786546759257395,0.2713454992435703,e5980b346cc63c07a69c646d,11.781697400999747,storm,7401,24bfb8b9aac5b87f9f268595cf4462964bd3a01da9d8089f51ed740d780fee86,26,0.38653555219364594
56,0.08488844406009312,0.0,50.405690799601516,0,0.0,0.47611427413207513,0.6990521024117173,0.2980332829046899,0.2618844782378307,13.783142730842258,0.9722222222222222,0.9722222222222222,35,36,515.8279406040836,ecc5ab5a102f0b25df2f9b87bd22d7265d941c3bc671c1bc0c2b6b5c4fec859f,f000d324411431a807bac72657424c44472cc457a2b2f856442e941850c00046,0.31316187594553707,0.7656642680149544,5.566666666666666,1525.818925099547,8929,1.0,0.348324269913103,economic,1.0,0.11610565650068388,0.4753372415078189,0f84f4476905a79e329ccf7f,16.594439904999945,moving_front,7400,24bfb8b9aac5b87f9f268595cf4462964bd3a01da9d8089f51ed740d780fee86,56,0.035552193645990916
52,0.06483232476046394,0.0,49.8919723903177,0,0.0,0.38278279394580284,0.6750031517902167,0.06354009077155824,0.546875,9.316289888485041,0.9722222222222222,0.9444444444444444,34,36,434.1027202078216,a5f601e023dc1aa53b04188c240687a14abd0d5f4c255ab2dc568f2a2f5df8e8,f000d324411431a807bac72657424c44472cc457a2b2f856442e941850c00046,0.11346444780635401,0.7225321482602117,5.166666666666667,1999.0851851516104,7723,1.0,0.4573898316114787,economic,1.0,0.16668763660285854,0.38171331316187596,e4a03fe1d38b19d3cb1c37ce,12.849100722999992,sensor_fault,7400,24bfb8b9aac5b87f9f268595cf4462964bd3a01da9d8089f51ed740d780fee86,52,0.004034291477559253
0,0.287821482602118,0.0,126.34226865859807,0,0.010337871911245588,0.3029774923362252,0.3759376575895108,0.6717095310136157,0.03645833333333333,3.445477203744611,0.7222222222222222,0.6666666666666666,24,36,443.3081907421443,bf22e5fd3e600662d73241838faee30d9d27653bbd3f68fd2fe586974a4fe24f,f000d324411431a807bac72657424c44472cc457a2b2f856442e941850c00046,0.2254160363086233,0.5188634644478064,0.0,2118.2772934622058,7231,1.0,0.15535671356139777,static_tuned,1.0,0.06982819710605176,0.3015790468986384,53cc24abe262427b1bfd1a18,4.00868271499985,storm,7407,24bfb8b9aac5b87f9f268595cf4462964bd3a01da9d8089f51ed740d780fee86,0,0.28189611699445283
36,0.3678690746343923,0.0,150.432543809884,0,0.043872919818456875,0.26974204039672284,0.31956001008572865,0.7095310136157338,0.0,10.100919406112423,0.6388888888888888,0.5555555555555556,20,36,461.9352214265982,7d7d4f491b38c7209719969597218e53fac233cc18d92cbba88291e504acdcf5,f000d324411431a807bac72657424c44472cc457a2b2f856442e941850c00046,0.10287443267776097,0.4539681038830055,3.6,1367.6675885822988,4829,1.0,0.5545002539054664,economic,1.0,0.07252812077840758,0.2686743570347957,c9d570050e330a4e69e9dd1c,11.688157773000057,storm,7406,24bfb8b9aac5b87f9f268595cf4462964bd3a01da9d8089f51ed740d780fee86,36,0.31089258698940997
56,0.04410957911134509,0.0,47.44939232470529,0,0.00680786686838124,0.46946700739456565,0.6438472855493574,0.3600605143721634,0.05790290845758003,13.300062075762325,0.9722222222222222,0.8888888888888888,32,36,506.6599835502254,aed5cea54843333f2cee40ef5f9916e6843f18c68c1640c6629b8ba5473ba2ac,f000d324411431a807bac72657424c44472cc457a2b2f856442e941850c00046,0.16187594553706505,0.7809609602110242,5.516666666666667,1653.66864819857,6492,1.0,0.26699651795349566,economic,1.0,0.15122018274574894,0.4702006636948086,4ac5e3ec08cc48254a1d2810,12.777177161000054,moving_front,7405,24bfb8b9aac5b87f9f268595cf4462964bd3a01da9d8089f51ed740d780fee86,56,0.13514876449823499
40,0.3639135779122541,0.0,145.480726802824,0,0.016389309127584465,0.26764897652497865,0.33814769288956126,0.7155824508320726,0.026041666666666664,9.696808915735255,0.5833333333333334,0.5277777777777778,19,36,454.1096381656073,a5f601e023dc1aa53b04188c240687a14abd0d5f4c255ab2dc568f2a2f5df8e8,f000d324411431a807bac72657424c44472cc457a2b2f856442e941850c00046,0.1043872919818457,0.45264435199193137,4.0,1467.3667466898733,5343,1.0,0.3417609112247475,economic,1.0,0.07677894722651657,0.26761062783661116,f4f9883aaa8e73188933426f,11.155645181000182,storm,7400,24bfb8b9aac5b87f9f268595cf4462964bd3a01da9d8089f51ed740d780fee86,40,0.2516389309127584
33,0.03017839132627332,0.0,43.38246186333837,0,0.0,0.3991134631653326,0.6516956631366615,0.1588502269288956,0.4114583333333333,9.680820813241604,0.9444444444444444,0.9166666666666666,33,36,459.9018211786391,284b34575075c235f825fa3a6fb0acbaf961aa1b3a61f4cae139989c64269b75,f000d324411431a807bac72657424c44472cc457a2b2f856442e941850c00046,0.0226928895612708,0.7651285930408471,3.2666666666666666,1998.0934538248657,4918,0.9994957135653052,0.49129373188908954,deadline_fusion,0.9551185073121532,0.21229661082281984,0.39975731215330307,d4e65e6529f7e64c3a6df172,33.684564250999756,sensor_fault,7405,24bfb8b9aac5b87f9f268595cf4462964bd3a01da9d8089f51ed740d780fee86,33,0.03731719616742309
57,0.07417564633718829,0.0,44.93857524400389,0,0.0,0.4946896445353138,0.7408258294118881,0.22844175491679275,0.38154589775334236,13.431779900943972,0.9444444444444444,0.9166666666666666,33,36,505.43205625941533,7dcec8ccf48aef577ac48a22572a1e57cbcc21eed65366d0ce5a56e849a8478b,f000d324411431a807bac72657424c44472cc457a2b2f856442e941850c00046,0.3313161875945537,0.7930662933334954,5.683333333333334,1298.167234937884,9492,1.0,0.1998426764549736,economic,1.0,0.09863830502433082,0.4941775120990472,d253472cefa4f6dc733b03f8,13.04988921999984,moving_front,7402,24bfb8b9aac5b87f9f268595cf4462964bd3a01da9d8089f51ed740d780fee86,57,0.027735753908219866
30,0.3478946041351487,0.0,138.0622399773071,0,0.0005042864346949066,0.2700450972365173,0.3818630231971759,0.6717095310136157,0.05729166666666666,9.116978583116348,0.7222222222222222,0.6944444444444444,25,36,451.5759754135782,bf22e5fd3e600662d73241838faee30d9d27653bbd3f68fd2fe586974a4fe24f,f000d324411431a807bac72657424c44472cc457a2b2f856442e941850c00046,0.1875945537065053,0.4545196671709531,2.8,1507.3211788818971,7108,1.0,0.15926617322417175,fungal,1.0,0.08927199545844837,0.27012418053454357,78af194135d5900db61b8997,13.81269429799977,storm,7407,24bfb8b9aac5b87f9f268595cf4462964bd3a01da9d8089f51ed740d780fee86,30,0.10892586989409984
41,0.07171110690872413,0.0,53.36816061522945,0,0.0,0.38884045235215936,0.6596460539586485,0.07564296520423601,0.53125,12.630237527307369,0.9166666666666666,0.8888888888888888,32,36,504.5127195320554,7d7d4f491b38c7209719969597218e53fac233cc18d92cbba88291e504acdcf5,f000d324411431a807bac72657424c44472cc457a2b2f856442e941850c00046,0.06202723146747353,0.7246832450832071,4.033333333333333,1994.671696302558,6771,1.0,0.6199906861937617,deadline_fusion,0.961169944528492,0.17908675239159605,0.38888363590519415,6807d1ec312ce9694d3686d1,34.68190478999986,sensor_fault,7406,24bfb8b9aac5b87f9f268595cf4462964bd3a01da9d8089f51ed740d780fee86,41,0.012355017650025214
23,0.3502032904689863,0.0,143.40444560010084,0,0.012355017650025214,0.26183911654341574,0.33472012102874427,0.7155824508320726,0.026041666666666664,6.697806603090722,0.7222222222222222,0.5833333333333334,21,36,424.5395287558855,a5f601e023dc1aa53b04188c240687a14abd0d5f4c255ab2dc568f2a2f5df8e8,f000d324411431a807bac72657424c44472cc457a2b2f856442e941850c00046,0.10136157337367625,0.4497525844679778,2.2333333333333334,1825.521151982364,5095,1.0,0.3414957477327258,fungal,1.0,0.07461160116438448,0.2617246596066566,692acddd9835cf01df78d46b,11.559727639999892,storm,7400,24bfb8b9aac5b87f9f268595cf4462964bd3a01da9d8089f51ed740d780fee86,23,0.27029752899646997
54,0.05909267717106252,0.0,38.418850541858774,0,0.0,0.5256188611927898,0.7804815409541364,0.15431164901664146,0.45325320723166773,15.013678376359337,0.9444444444444444,0.9166666666666666,33,36,539.6337667617845,f6607a969a5ef1eea39be0c460b71ba26e71f1756695c2542e3419a04b4aaaf6,f000d324411431a807bac72657424c44472cc457a2b2f856442e941850c00046,0.4130105900151286,0.8119067987538989,5.383333333333334,1457.4898003979456,11130,1.0,0.16156667367581273,fungal,1.0,0.11880081096744742,0.5252919239777036,d697e7b4a371350faf570104,14.21259341599989,moving_front,7407,24bfb8b9aac5b87f9f268595cf4462964bd3a01da9d8089f51ed740d780fee86,54,0.0025214321734745334
56,0.07139229010551511,0.0,43.65696197255293,0,0.0,0.5008762706771153,0.7447861524429725,0.22390317700453857,0.3767813481773349,14.845723901289416,0.8888888888888888,0.8888888888888888,32,36,520.5541709663014,7dcec8ccf48aef577ac48a22572a1e57cbcc21eed65366d0ce5a56e849a8478b,f000d324411431a807bac72657424c44472cc457a2b2f856442e941850c00046,0.3313161875945537,0.7966793915254167,5.566666666666666,1478.2961455409252,9494,1.0,0.20106624059142625,fungal,1.0,0.10241373835491996,0.5005517266800158,d9d5726f07b173faeb8d372f,12.956032648000019,moving_front,7402,24bfb8b9aac5b87f9f268595cf4462964bd3a01da9d8089f51ed740d780fee86,56,0.027483610690872417
58,0.08439812519311671,0.0,49.53831267082519,0,0.0,0.4926316780159042,0.7162744547246668,0.26777609682299547,0.2987837353526025,13.303544945589826,0.9166666666666666,0.8888888888888888,32,36,502.86552960393186,89094df6562f94893fcdf2f73413da85d533716cc68083ab53a8bdd415ffb03a,f000d324411431a807bac72657424c44472cc457a2b2f856442e941850c00046,0.2526475037821483,0.7743341286289043,5.783333333333333,1363.0818761722512,8450,1.0,0.3300941326427482,economic,1.0,0.08009186514786953,0.4916393780159516,f4f08f4bf798fbd54c24b273,11.392936985999768,moving_front,7404,24bfb8b9aac5b87f9f268595cf4462964bd3a01da9d8089f51ed740d780fee86,58,0.02445789208270297
31,0.3359965960665658,0.0,141.58897503782148,0,0.030509329299041852,0.27255189658000567,0.343679084720121,0.6944024205748865,0.0,8.217809056241535,0.7777777777777778,0.6666666666666666,24,36,440.9054250035085,ba12b80176036ce405bf4e6e6df9481c07e23c7b2df952335b0683db80b6e187,f000d324411431a807bac72657424c44472cc457a2b2f856442e941850c00046,0.1361573373676248,0.46780446293494704,2.9166666666666665,1863.1731578005654,5577,1.0,0.32564736717858,fungal,1.0,0.08733484568960566,0.273441439737771,5c1cce2c02db2f42dd2cb011,12.358275965000303,storm,7404,24bfb8b9aac5b87f9f268595cf4462964bd3a01da9d8089f51ed740d780fee86,31,0.30786686838124055
31,0.08126103126575894,0.0,55.8148559631871,0,0.0,0.3855431094202946,0.6555487266767522,0.06959152798789713,0.53125,8.855152908629783,0.8888888888888888,0.8888888888888888,32,36,452.00813296638046,580d08a6660d7a74e12557b1e18d4d8db6e57b6ac0bf9c2033a30d5eae99147c,f000d324411431a807bac72657424c44472cc457a2b2f856442e941850c00046,0.025718608169440244,0.7136047024710034,3.05,2030.8174717195518,5860,1.0,0.41900318659572633,fungal,0.95940494200706,0.1747306324145893,0.3851960413514876,f9124a650b1a12d8995c5e2b,13.333437573999618,sensor_fault,7401,24bfb8b9aac5b87f9f268595cf4462964bd3a01da9d8089f51ed740d780fee86,31,0.0035300050428643463
0,0.07888930912758446,0.0,54.787017776096825,0,0.0,0.382943864334282,0.6607806984367119,0.06959152798789713,0.53125,3.090009932955276,0.8888888888888888,0.8611111111111112,31,36,442.8722260091239,7d7d4f491b38c7209719969597218e53fac233cc18d92cbba88291e504acdcf5,f000d324411431a807bac72657424c44472cc457a2b2f856442e941850c00046,0.08169440242057488,0.7200501134644477,0.0,2122.014675128891,7224,1.0,0.6204441430124424,static_tuned,0.9629349470499243,0.17812743136270526,0.3827770423600605,82e46b50009eb3c1fac8e4c0,4.472402473000329,sensor_fault,7406,24bfb8b9aac5b87f9f268595cf4462964bd3a01da9d8089f51ed740d780fee86,0,0.01059001512859304
54,0.06611030693428711,0.0,42.70302574235089,0,0.0,0.5003870174243666,0.7448840807094526,0.2102874432677761,0.39404473490753833,14.834021135861995,0.9166666666666666,0.9166666666666666,33,36,530.1903808597505,7dcec8ccf48aef577ac48a22572a1e57cbcc21eed65366d0ce5a56e849a8478b,f000d324411431a807bac72657424c44472cc457a2b2f856442e941850c00046,0.3388804841149773,0.800391785582794,5.383333333333334,1494.8083844235061,9586,1.0,0.20189453111371208,deadline_fusion,1.0,0.11002297551061659,0.4990573096020432,fbc00592a93d925abfa92251,32.778395790000104,moving_front,7402,24bfb8b9aac5b87f9f268595cf4462964bd3a01da9d8089f51ed740d780fee86,54,0.02975289964699949
0,0.09347733737655214,0.0,54.06928113561362,0,0.0,0.44396835419634634,0.6719965745500719,0.3177004538577912,0.22923718531135645,3.0773701787919125,0.9166666666666666,0.8888888888888888,32,36,443.32722241573003,ecc5ab5a102f0b25df2f9b87bd22d7265d941c3bc671c1bc0c2b6b5c4fec859f,f000d324411431a807bac72657424c44472cc457a2b2f856442e941850c00046,0.36459909228441756,0.7471366621522408,0.0,2121.003479763277,9444,1.0,0.344505985873684,static_tuned,1.0,0.1162581584098442,0.44354721132676217,c8b8daa94a99fca98ce30b7f,6.003119552000044,moving_front,7400,24bfb8b9aac5b87f9f268595cf4462964bd3a01da9d8089f51ed740d780fee86,0,0.03983862834089763
0,0.3126969868885527,0.0,139.11166792738277,0,0.06580937972768533,0.28505575499783187,0.33868349722642455,0.6944024205748865,0.0,3.4607367525618113,0.75,0.6666666666666666,24,36,443.26554486301575,ba12b80176036ce405bf4e6e6df9481c07e23c7b2df952335b0683db80b6e187,f000d324411431a807bac72657424c44472cc457a2b2f856442e941850c00046,0.19969742813918306,0.4954850605143722,0.0,2117.416641944284,6563,1.0,0.32376399629225205,static_tuned,1.0,0.06785987460412395,0.2854340015128593,9bf47fb0998a248d350a0e88,4.0626348159999,storm,7404,24bfb8b9aac5b87f9f268595cf4462964bd3a01da9d8089f51ed740d780fee86,0,0.38830055471507813
0,0.03257375189107412,0.0,43.90979576399395,0,0.0,0.3913695498945614,0.6575501134644477,0.15279878971255673,0.44270833333333326,3.118711058432761,0.9444444444444444,0.9166666666666666,33,36,442.936978044865,284b34575075c235f825fa3a6fb0acbaf961aa1b3a61f4cae139989c64269b75,f000d324411431a807bac72657424c44472cc457a2b2f856442e941850c00046,0.030257186081694403,0.7566187594553706,0.0,2121.3199151793956,5290,1.0,0.4903879922289776,static_tuned,0.95940494200706,0.21049790443461333,0.39277609682299547,80f3d6836812bdd5638f6685,4.1079607470001065,sensor_fault,7405,24bfb8b9aac5b87f9f268595cf4462964bd3a01da9d8089f51ed740d780fee86,0,0.029248613212304587
42,0.3405036560766515,0.0,138.91479923096318,0,0.008572869389813413,0.27929288872671176,0.36141578416540593,0.6944024205748865,0.03645833333333333,10.46790838406177,0.7777777777777778,0.6944444444444444,25,36,465.820812721909,c359e5cb27b972ae55146d09e06772a6f7492831e575cb57f6264e844f1f95bf,f000d324411431a807bac72657424c44472cc457a2b2f856442e941850c00046,0.12859304084720122,0.4654878971255673,4.2,1401.049965611229,5680,1.0,0.19680225019153047,economic,1.0,0.08204089623901069,0.27850006303580427,ff1d3e170d9240639f425440,12.021603873000004,storm,7402,24bfb8b9aac5b87f9f268595cf4462964bd3a01da9d8089f51ed740d780fee86,42,0.191880988401412
22,0.35578983862834085,0.0,145.37691471255673,0,0.017650025214321734,0.26451999900069445,0.343096003530005,0.6944024205748865,0.0,8.167802410328028,0.7222222222222222,0.6111111111111112,22,36,453.2864391464336,ba12b80176036ce405bf4e6e6df9481c07e23c7b2df952335b0683db80b6e187,f000d324411431a807bac72657424c44472cc457a2b2f856442e941850c00046,0.1346444780635401,0.4520455118507311,2.1333333333333333,1431.1370739128904,5770,1.0,0.32575130816795456,deadline_fusion,1.0,0.08769903467542313,0.2651601109430156,5916f2c435f99afe8bdc0c18,33.80484774500019,storm,7404,24bfb8b9aac5b87f9f268595cf4462964bd3a01da9d8089f51ed740d780fee86,22,0.2766011094301563
50,0.08440228695811872,0.0,50.357174596166715,0,0.004034291477559253,0.47859071494964955,0.7021790683475276,0.29652042360060515,0.26477603354699947,13.7861275464364,1.0,1.0,36,36,521.1048030706994,ecc5ab5a102f0b25df2f9b87bd22d7265d941c3bc671c1bc0c2b6b5c4fec859f,f000d324411431a807bac72657424c44472cc457a2b2f856442e941850c00046,0.2980332829046899,0.768744799310175,4.983333333333333,1561.9426515329947,8830,1.0,0.34799349922796463,fungal,1.0,0.11461829894842095,0.4779482450033961,e2f89a13c38994a734e01f18,14.284276028000022,moving_front,7400,24bfb8b9aac5b87f9f268595cf4462964bd3a01da9d8089f51ed740d780fee86,50,0.03605648008068583
27,0.35270896369137666,0.0,147.80588124054464,0,0.039334341906202726,0.2672984604968639,0.3182992939989914,0.7095310136157338,0.0,7.050434488045871,0.6666666666666666,0.5277777777777778,19,36,424.46325269351667,7d7d4f491b38c7209719969597218e53fac233cc18d92cbba88291e504acdcf5,f000d324411431a807bac72657424c44472cc457a2b2f856442e941850c00046,0.1059001512859304,0.45741931417044873,2.6333333333333333,1832.3163003230736,4741,1.0,0.554883216580298,fungal,1.0,0.07720819668013407,0.26630263489662126,fecee732d1b3e73879c2158b,11.850607501000013,storm,7406,24bfb8b9aac5b87f9f268595cf4462964bd3a01da9d8089f51ed740d780fee86,27,0.3540090771558245
27,0.07390948058497225,0.0,53.506721192637414,0,0.0,0.38781194669777225,0.6607885779122542,0.07715582450832073,0.53125,9.619101802252784,0.9166666666666666,0.8888888888888888,32,36,472.7271457113714,7d7d4f491b38c7209719969597218e53fac233cc18d92cbba88291e504acdcf5,f000d324411431a807bac72657424c44472cc457a2b2f856442e941850c00046,0.0680786686838124,0.7238480206757437,2.683333333333333,2003.2666443252997,6806,1.0,0.6199939419815522,fungal,0.961674230963187,0.17917774835560057,0.38766231719616734,80cf6b8d5ed8c9bd67c06efd,12.529890583000451,sensor_fault,7406,24bfb8b9aac5b87f9f268595cf4462964bd3a01da9d8089f51ed740d780fee86,27,0.012355017650025214
39,0.3692085854765506,0.0,145.94427634896618,0,0.010337871911245588,0.2581248516645853,0.34472705496722134,0.7155824508320726,0.03645833333333333,10.898548332232348,0.5833333333333334,0.4722222222222222,17,36,483.26136061421676,a5f601e023dc1aa53b04188c240687a14abd0d5f4c255ab2dc568f2a2f5df8e8,f000d324411431a807bac72657424c44472cc457a2b2f856442e941850c00046,0.10136157337367625,0.43786245587493694,3.85,1127.4614739685294,5500,1.0,0.34150586260329197,deadline_fusion,1.0,0.07511821358391116,0.25755641704488147,04aaa67145e3d3e412c6812f,31.162865938000323,storm,7400,24bfb8b9aac5b87f9f268595cf4462964bd3a01da9d8089f51ed740d780fee86,39,0.20020171457387792
0,0.32987424357034795,0.0,147.15487897125567,0,0.08749369641956632,0.28166273998880675,0.3179525970751386,0.7125567322239031,0.0,3.430337424224664,0.6944444444444444,0.3888888888888889,14,36,443.3052757587883,580d08a6660d7a74e12557b1e18d4d8db6e57b6ac0bf9c2033a30d5eae99147c,f000d324411431a807bac72657424c44472cc457a2b2f856442e941850c00046,0.17549167927382753,0.48944938224911744,0.0,2118.4966796302406,5578,1.0,0.3501405646023027,static_tuned,1.0,0.059996655882223054,0.2811869641956631,7b498565dd8cb5c9be70a6dc,4.296652093000375,storm,7401,24bfb8b9aac5b87f9f268595cf4462964bd3a01da9d8089f51ed740d780fee86,0,0.46041351487644977
54,0.03044629349470499,0.0,33.98764498234998,0,0.0,0.43294791042102687,0.756350857286939,0.02118003025718608,0.6302083333333333,10.849145254113044,1.0,1.0,36,36,461.1123459026175,bf22e5fd3e600662d73241838faee30d9d27653bbd3f68fd2fe586974a4fe24f,f000d324411431a807bac72657424c44472cc457a2b2f856442e941850c00046,0.24205748865355523,0.7818882375189106,5.4,1965.3462591498815,10078,1.0,0.3633765933921107,economic,0.9558749369641956,0.20422620177313927,0.43261472516389304,05d3722d51a73931ae8a618e,13.383224989000155,sensor_fault,7407,24bfb8b9aac5b87f9f268595cf4462964bd3a01da9d8089f51ed740d780fee86,54,0.0
29,0.30491994452849214,0.0,145.34271778870396,0,0.061522945032778616,0.2678672765077533,0.2835665658093797,0.7639939485627837,0.0,8.197804485142479,0.75,0.5555555555555556,20,36,447.776953448872,284b34575075c235f825fa3a6fb0acbaf961aa1b3a61f4cae139989c64269b75,f000d324411431a807bac72657424c44472cc457a2b2f856442e941850c00046,0.039334341906202726,0.4681747982854261,2.7666666666666666,1821.7218296039387,3438,1.0,0.2647775262166848,fungal,1.0,0.15605586955963843,0.26781549420070594,f05ff116190798d7cf65d3c1,11.442048582000098,storm,7405,24bfb8b9aac5b87f9f268595cf4462964bd3a01da9d8089f51ed740d780fee86,29,0.4339384770549673
53,0.07372825264750378,0.0,53.52425302571861,0,0.0,0.39201109839608367,0.6577471003530004,0.06959152798789713,0.5260416666666666,9.970196397561567,0.9166666666666666,0.8888888888888888,32,36,442.123876399997,7d7d4f491b38c7209719969597218e53fac233cc18d92cbba88291e504acdcf5,f000d324411431a807bac72657424c44472cc457a2b2f856442e941850c00046,0.05143721633888049,0.7265112834089762,5.233333333333333,1963.421189275023,6479,1.0,0.6197436408322353,economic,0.958900655572365,0.18157928944430346,0.39163357286938977,6b2e6b2a33173092758563de,12.466833361999306,sensor_fault,7406,24bfb8b9aac5b87f9f268595cf4462964bd3a01da9d8089f51ed740d780fee86,53,0.0113464447806354
32,0.030603883005547148,0.0,34.01148039586485,0,0.0,0.4289263562074906,0.7560514372163388,0.0226928895612708,0.6302083333333333,9.309607669356723,1.0,1.0,36,36,461.8615549799155,bf22e5fd3e600662d73241838faee30d9d27653bbd3f68fd2fe586974a4fe24f,f000d324411431a807bac72657424c44472cc457a2b2f856442e941850c00046,0.2692889561270802,0.7817936838124054,3.183333333333333,1973.3487172016337,10402,1.0,0.36305409915587694,deadline_fusion,0.9578920827029752,0.20199459507925854,0.4281391830559758,466dc927453223e7d478e638,30.7172263020002,sensor_fault,7407,24bfb8b9aac5b87f9f268595cf4462964bd3a01da9d8089f51ed740d780fee86,32,0.0
36,0.32338155572365107,0.0,134.41010306354008,0,0.020171457387796268,0.2840725203920627,0.37928643469490664,0.6898638426626323,0.046875,10.23136260330142,0.6944444444444444,0.5833333333333334,21,36,459.49580840189753,b6042939e80d40426644a34958628983bc734041fc27fde572e72cc5f97324d1,f000d324411431a807bac72657424c44472cc457a2b2f856442e941850c00046,0.17549167927382753,0.4807583207261725,3.5833333333333335,1634.1824434106525,6604,1.0,0.27106415718489113,fungal,1.0,0.12562575524761396,0.28453574130105896,a1b7c84f6ae59f71c5d18ba1,11.746970145999967,storm,7403,24bfb8b9aac5b87f9f268595cf4462964bd3a01da9d8089f51ed740d780fee86,36,0.17826525466464951
29,0.07752615985879978,0.0,55.03159669692385,0,0.0,0.3864786875175386,0.6540358673726676,0.07564296520423601,0.5260416666666666,8.26854378283019,0.8888888888888888,0.8888888888888888,32,36,442.2798798764129,580d08a6660d7a74e12557b1e18d4d8db6e57b6ac0bf9c2033a30d5eae99147c,f000d324411431a807bac72657424c44472cc457a2b2f856442e941850c00046,0.0226928895612708,0.7163861573373674,2.8333333333333335,2006.9360520773685,5679,1.0,0.41899285508848705,deadline_fusion,0.9571356530509328,0.17878786465350793,0.38722106656580935,e1fe3495a20cff3dc8ac100f,34.81230476999963,sensor_fault,7401,24bfb8b9aac5b87f9f268595cf4462964bd3a01da9d8089f51ed740d780fee86,29,0.0037821482602118004
47,0.3355238275340393,0.0,134.69892523953604,0,0.0025214321734745334,0.2881510220725559,0.389238212304589,0.6747352496217852,0.07291666666666666,11.571835070105363,0.7222222222222222,0.6944444444444444,25,36,477.7583282149831,bf22e5fd3e600662d73241838faee30d9d27653bbd3f68fd2fe586974a4fe24f,f000d324411431a807bac72657424c44472cc457a2b2f856442e941850c00046,0.19213313161875945,0.47571545637922336,4.7,1160.1810131047084,7505,1.0,0.15956368651783048,economic,1.0,0.09594747137250999,0.28779784417549165,f1c17ddfe8d51554d6146169,14.217177444999834,storm,7407,24bfb8b9aac5b87f9f268595cf4462964bd3a01da9d8089f51ed740d780fee86,47,0.12228946041351489
0,0.08325025800349865,0.0,52.70405590720898,0,0.00453857791225416,0.445013701166279,0.6797699029359271,0.30257186081694404,0.22197840239091315,3.0793758460780705,0.8611111111111112,0.8333333333333334,30,36,443.2901896447581,0803aedd6dc7e01a9cfc12b773308a5e492e508a5cc56bfeb608fc07a4e1aa85,f000d324411431a807bac72657424c44472cc457a2b2f856442e941850c00046,0.3010590015128593,0.7657279884803897,0.0,2121.4248952098656,8375,1.0,0.5574477281244354,static_tuned,1.0,0.10140697264643327,0.44781155535160794,c142df5a5dcaea7857aa70ed,4.625022356000045,moving_front,7406,24bfb8b9aac5b87f9f268595cf4462964bd3a01da9d8089f51ed740d780fee86,0,0.06253151790216842
28,0.031517902168431665,0.0,34.21902578164397,0,0.0,0.4285092698354023,0.7548143595562279,0.0226928895612708,0.6354166666666666,10.468294766315594,1.0,1.0,36,36,483.0579864624506,bf22e5fd3e600662d73241838faee30d9d27653bbd3f68fd2fe586974a4fe24f,f000d324411431a807bac72657424c44472cc457a2b2f856442e941850c00046,0.27382753403933435,0.778767965204236,2.8,2007.3824685786062,10503,1.0,0.36274292132956687,fungal,0.9581442259203227,0.19760243818514645,0.42753246343923357,6fcad4ff2a3c753385826e7c,12.405622195999968,sensor_fault,7407,24bfb8b9aac5b87f9f268595cf4462964bd3a01da9d8089f51ed740d780fee86,28,0.0
0,0.32359430156328794,0.0,138.20150970751385,0,0.033030761472516386,0.281985478758379,0.3332702975289964,0.7170953101361573,0.0,3.4437121648537796,0.7222222222222222,0.5277777777777778,19,36,443.24952364045583,a5f601e023dc1aa53b04188c240687a14abd0d5f4c255ab2dc568f2a2f5df8e8,f000d324411431a807bac72657424c44472cc457a2b2f856442e941850c00046,0.17549167927382753,0.48687279374684816,0.0,2113.197527501917,6123,1.0,0.3449342362490544,static_tuned,1.0,0.0670034848934692,0.2820852244074634,9e33409d02c88922cf24005b,4.258552855999824,storm,7400,24bfb8b9aac5b87f9f268595cf4462964bd3a01da9d8089f51ed740d780fee86,0,0.367624810892587
35,0.3394399268784669,0.0,147.1542486132123,0,0.07286938981341401,0.2808432547382908,0.31788168179525966,0.7140695915279879,0.0,8.263517460426334,0.5833333333333334,0.3888888888888889,14,36,433.92256438518973,580d08a6660d7a74e12557b1e18d4d8db6e57b6ac0bf9c2033a30d5eae99147c,f000d324411431a807bac72657424c44472cc457a2b2f856442e941850c00046,0.08623298033282904,0.4790090771558245,3.5,1572.7731717424922,4546,1.0,0.35153902174059815,economic,1.0,0.08615255419854582,0.2814548663640947,427b07529e078a87a98df84c,10.542071934999967,storm,7401,24bfb8b9aac5b87f9f268595cf4462964bd3a01da9d8089f51ed740d780fee86,35,0.4145234493192133
21,0.3295669440242057,0.0,136.5429982980333,0,0.005547150781643973,0.27865651656031065,0.36370083207261716,0.6944024205748865,0.03645833333333333,6.173109625739205,0.75,0.6388888888888888,23,36,415.53574904748496,c359e5cb27b972ae55146d09e06772a6f7492831e575cb57f6264e844f1f95bf,f000d324411431a807bac72657424c44472cc457a2b2f856442e941850c00046,0.13010590015128592,0.4693882375189107,2.066666666666667,1902.731756899226,5396,1.0,0.19660642285649954,fungal,1.0,0.08980464403779045,0.2780982097831568,495566b523eb727f2493ab99,12.468445044999953,storm,7402,24bfb8b9aac5b87f9f268595cf4462964bd3a01da9d8089f51ed740d780fee86,21,0.205244578920827
35,0.36016294755421074,0.0,147.48888993948563,0,0.035552193645990916,0.2743144953141805,0.32767586989409986,0.7201210287443268,0.010416666666666666,9.753304128227555,0.5555555555555556,0.3888888888888889,14,36,454.0690499215077,580d08a6660d7a74e12557b1e18d4d8db6e57b6ac0bf9c2033a30d5eae99147c,f000d324411431a807bac72657424c44472cc457a2b2f856442e941850c00046,0.08472012102874432,0.46232034795763993,3.5,1142.9819001556968,4979,1.0,0.3515596709787081,deadline_fusion,1.0,0.086721073736394,0.2751040090771558,55d29a0cfb6c62d0cead2cb1,29.612381534999713,storm,7401,24bfb8b9aac5b87f9f268595cf4462964bd3a01da9d8089f51ed740d780fee86,35,0.3106404437720625
0,0.05818457108426625,0.0,41.671212854781935,0,0.0,0.47089952007600183,0.7317567811986471,0.2344931921331316,0.35814528859607697,3.0976271984933317,0.9444444444444444,0.9444444444444444,34,36,443.29133957688396,865b5c3b3ce655724713b56672b341110b778139c3f175535316775e5c3a5948,f000d324411431a807bac72657424c44472cc457a2b2f856442e941850c00046,0.3903177004538578,0.793537065123821,0.0,2121.780897525861,10208,1.0,0.273683247889429,static_tuned,1.0,0.10140690463757294,0.4722413618125143,db21c6e163619fb2e0a908b2,4.186872684000264,moving_front,7403,24bfb8b9aac5b87f9f268595cf4462964bd3a01da9d8089f51ed740d780fee86,0,0.021432173474533533
0,0.03629286434694906,0.0,35.55723651033787,0,0.0,0.42274074697744046,0.7514577029752899,0.025718608169440244,0.625,3.0955737007040245,1.0,1.0,36,36,443.0438708017048,bf22e5fd3e600662d73241838faee30d9d27653bbd3f68fd2fe586974a4fe24f,f000d324411431a807bac72657424c44472cc457a2b2f856442e941850c00046,0.291981845688351,0.7750567322239031,0.0,2120.877249726147,10851,1.0,0.36286128076986407,static_tuned,0.959909228441755,0.20193144075880382,0.42177256681795255,e25910f7496f7507be141bc4,4.426163445999919,sensor_fault,7407,24bfb8b9aac5b87f9f268595cf4462964bd3a01da9d8089f51ed740d780fee86,0,0.0
52,0.07022213829479715,0.0,47.73600886164508,0,0.0,0.4942989775555501,0.7005737320722697,0.26777609682299547,0.29353517028330683,13.739096735247205,0.9444444444444444,0.9444444444444444,34,36,509.2041198548294,650402cbfad7afc2ab72c5aa9178caafa54ea7f2b048d369a0d44d894a6ce9fd,f000d324411431a807bac72657424c44472cc457a2b2f856442e941850c00046,0.1573373676248109,0.7940924758248487,5.116666666666666,1498.8038452390822,7100,1.0,0.3556485387727686,deadline_fusion,1.0,0.09969851572585973,0.49417853746320706,da7e6ea2bf9aabc1e07c2eb8,33.235903793000034,moving_front,7401,24bfb8b9aac5b87f9f268595cf4462964bd3a01da9d8089f51ed740d780fee86,52,0.06202723146747353
0,0.04896159643426793,0.0,49.74553322342159,0,0.00832072617246596,0.43902139077463226,0.62907084161991,0.3767019667170953,0.06828327472597821,3.1113324082697953,0.9722222222222222,0.8888888888888888,32,36,443.36216622829477,aed5cea54843333f2cee40ef5f9916e6843f18c68c1640c6629b8ba5473ba2ac,f000d324411431a807bac72657424c44472cc457a2b2f856442e941850c00046,0.19818456883509833,0.7668795055855552,0.0,2120.350425659827,6921,1.0,0.26758547632274793,static_tuned,1.0,0.144759441556485,0.4387051363391675,5e01f47e7155361e93b86fbe,4.552698621000218,moving_front,7405,24bfb8b9aac5b87f9f268595cf4462964bd3a01da9d8089f51ed740d780fee86,0,0.1308623298033283
0,0.09214042142297527,0.0,51.779920589277395,0,0.0,0.4574530073893036,0.7082861102758553,0.2844175491679274,0.32304693222798386,3.0910241709270236,0.9166666666666666,0.8888888888888888,32,36,443.43998761979367,89094df6562f94893fcdf2f73413da85d533716cc68083ab53a8bdd415ffb03a,f000d324411431a807bac72657424c44472cc457a2b2f856442e941850c00046,0.31316187594553707,0.7653944679531356,0.0,2121.4386919934677,8974,1.0,0.3267583891109537,static_tuned,1.0,0.08941946057729312,0.4565429357712631,43d82c5cf6d190f7db1a7558,3.542944931999955,moving_front,7404,24bfb8b9aac5b87f9f268595cf4462964bd3a01da9d8089f51ed740d780fee86,0,0.015885022692889557
49,0.04344672051943218,0.0,48.169034644008825,0,0.006051437216338881,0.4737955533223201,0.6350374139447599,0.3540090771558245,0.05335129263011244,12.313469046221782,1.0,0.9166666666666666,33,36,492.26350353113685,aed5cea54843333f2cee40ef5f9916e6843f18c68c1640c6629b8ba5473ba2ac,f000d324411431a807bac72657424c44472cc457a2b2f856442e941850c00046,0.1346444780635401,0.7876331847931809,4.8,1594.409375916627,6136,1.0,0.26422506481288005,deadline_fusion,1.0,0.16404280234838597,0.47374315517540533,92c01506a65084f6085064b5,34.28422371600027,moving_front,7405,24bfb8b9aac5b87f9f268595cf4462964bd3a01da9d8089f51ed740d780fee86,49,0.15128593040847202
60,0.05699606990472478,0.0,39.407821933743975,0,0.0,0.5037104589367005,0.7528378135365931,0.18305597579425115,0.40561627998574745,13.84635413785573,1.0,1.0,36,36,513.0689182888703,865b5c3b3ce655724713b56672b341110b778139c3f175535316775e5c3a5948,f000d324411431a807bac72657424c44472cc457a2b2f856442e941850c00046,0.3328290468986384,0.8102383920060618,6.0,1369.0484761316452,9782,1.0,0.27520288460350906,economic,1.0,0.10159555259103806,0.5041991085964739,dab8e19683291df4e77e98e2,12.582683515000099,moving_front,7403,24bfb8b9aac5b87f9f268595cf4462964bd3a01da9d8089f51ed740d780fee86,60,0.015128593040847202
0,0.29997951336359047,0.0,132.3138867876954,0,0.038073625819465454,0.2915044925304917,0.35849249873928385,0.6959152798789713,0.03125,3.4305714302055694,0.75,0.6388888888888888,23,36,443.2604205397121,c359e5cb27b972ae55146d09e06772a6f7492831e575cb57f6264e844f1f95bf,f000d324411431a807bac72657424c44472cc457a2b2f856442e941850c00046,0.17246596066565809,0.49973997730711034,0.0,2118.6902129112464,6195,1.0,0.19764424440031433,static_tuned,1.0,0.07433095333441474,0.29060293746848204,45e0c71a13a56834ac0babba,4.089431397000226,storm,7402,24bfb8b9aac5b87f9f268595cf4462964bd3a01da9d8089f51ed740d780fee86,0,0.3169440242057488
0,0.322648764498235,0.0,144.46455023953604,0,0.09354513363590519,0.2809105301129263,0.3146589762985375,0.7049924357034796,0.0,3.456114074299655,0.7222222222222222,0.5277777777777778,19,36,443.23666871241727,7d7d4f491b38c7209719969597218e53fac233cc18d92cbba88291e504acdcf5,f000d324411431a807bac72657424c44472cc457a2b2f856442e941850c00046,0.17246596066565809,0.49046583459404935,0.0,2119.6394971093514,5625,1.0,0.5558580791350544,static_tuned,1.0,0.09122123158510534,0.2803438603126575,2b4d282718d505a9e3f68a92,4.581797471999835,storm,7406,24bfb8b9aac5b87f9f268595cf4462964bd3a01da9d8089f51ed740d780fee86,0,0.4462934947049924
27,0.03623770801815431,0.0,37.93293778366112,0,0.0,0.4167463466467856,0.7276065305093292,0.0453857791225416,0.5729166666666666,8.440291322010557,0.9722222222222222,0.9722222222222222,35,36,462.9084855219137,b6042939e80d40426644a34958628983bc734041fc27fde572e72cc5f97324d1,f000d324411431a807bac72657424c44472cc457a2b2f856442e941850c00046,0.18456883509833585,0.7699035552193645,2.6666666666666665,2032.567511054003,9288,1.0,0.42153458544573813,fungal,0.961169944528492,0.1739605087897518,0.41863653555219354,e728fce5ec809f193dce588f,14.229609584999707,sensor_fault,7403,24bfb8b9aac5b87f9f268595cf4462964bd3a01da9d8089f51ed740d780fee86,27,0.007564296520423601
52,0.09346379511255876,0.0,51.0569462734028,0,0.0,0.4902096883845908,0.7185184029762687,0.27987897125567324,0.3397312152815728,14.06355800238249,0.9166666666666666,0.9166666666666666,33,36,519.8034997623361,89094df6562f94893fcdf2f73413da85d533716cc68083ab53a8bdd415ffb03a,f000d324411431a807bac72657424c44472cc457a2b2f856442e941850c00046,0.2556732223903177,0.7722421890191818,5.183333333333334,1482.6479832127168,8564,1.0,0.33051029161511813,deadline_fusion,1.0,0.09318628535197765,0.4898636096850599,1eb69bbd9a42e61f6635e8af,34.96072880100019,moving_front,7404,24bfb8b9aac5b87f9f268595cf4462964bd3a01da9d8089f51ed740d780fee86,52,0.019162884518406455
40,0.3432063161875945,0.0,136.96908093797276,0,0.0055471507816439725,0.27709800405309987,0.38294251134644475,0.6898638426626323,0.05729166666666666,11.258206250902383,0.6666666666666666,0.6111111111111112,22,36,475.9484819620066,b6042939e80d40426644a34958628983bc734041fc27fde572e72cc5f97324d1,f000d324411431a807bac72657424c44472cc457a2b2f856442e941850c00046,0.1800302571860817,0.46498361069087235,3.966666666666667,1220.8729533992478,7073,1.0,0.27093530872899746,deadline_fusion,1.0,0.12617197074014735,0.2780194150277357,945a2aeb478691360cae88fd,33.54256623399988,storm,7403,24bfb8b9aac5b87f9f268595cf4462964bd3a01da9d8089f51ed740d780fee86,40,0.14447806354009077
0,0.0697972317241767,0.0,50.355485491353605,0,0.0,0.45217606809758537,0.6635680925321995,0.3313161875945537,0.17847991285202214,3.0834353578304246,0.9722222222222222,0.9722222222222222,35,36,443.64618472570777,650402cbfad7afc2ab72c5aa9178caafa54ea7f2b048d369a0d44d894a6ce9fd,f000d324411431a807bac72657424c44472cc457a2b2f856442e941850c00046,0.19818456883509833,0.7750172610868352,0.0,2121.4542820090624,7274,1.0,0.35504327029396787,static_tuned,1.0,0.1026974399570616,0.45166108301795516,fb631be8c7e57b4d93875f96,4.555502194000383,moving_front,7401,24bfb8b9aac5b87f9f268595cf4462964bd3a01da9d8089f51ed740d780fee86,0,0.07413010590015129
52,0.02991836863338376,0.0,43.10715298789712,0,0.0,0.40164031041706977,0.6493948562783661,0.1649016641452345,0.42187499999999994,9.575011792545615,0.9444444444444444,0.9166666666666666,33,36,439.91415286969647,284b34575075c235f825fa3a6fb0acbaf961aa1b3a61f4cae139989c64269b75,f000d324411431a807bac72657424c44472cc457a2b2f856442e941850c00046,0.0226928895612708,0.7670827029752899,5.15,1936.2791675757862,4852,0.9992435703479576,0.49184771488433787,economic,0.9541099344427635,0.21256280758236987,0.40320064296520425,0c9c6fcab7b28a4daecb499d,13.320388846000242,sensor_fault,7405,24bfb8b9aac5b87f9f268595cf4462964bd3a01da9d8089f51ed740d780fee86,52,0.04437720625315179
0,0.0710369614154296,0.0,42.40331735321607,0,0.0,0.4970150321173552,0.7597864459108575,0.2118003025718608,0.411349196558799,3.0867308223974903,0.9166666666666666,0.9166666666666666,33,36,443.4571972400613,f6607a969a5ef1eea39be0c460b71ba26e71f1756695c2542e3419a04b4aaaf6,f000d324411431a807bac72657424c44472cc457a2b2f856442e941850c00046,0.39636913767019666,0.7940846908970598,0.0,2121.4339107741666,10908,1.0,0.16315977268892218,static_tuned,1.0,0.12748184495873402,0.49618222935434547,fc96b71e796cc7ac87a36c6a,5.244123841000146,moving_front,7407,24bfb8b9aac5b87f9f268595cf4462964bd3a01da9d8089f51ed740d780fee86,0,0.0037821482602118004
0,0.2996170574886535,0.0,146.76133856530507,0,0.1469994957135653,0.2770395407640184,0.2968277231467473,0.7307110438729199,0.0,3.4830523470782726,0.7777777777777778,0.4722222222222222,17,36,443.26053119899166,284b34575075c235f825fa3a6fb0acbaf961aa1b3a61f4cae139989c64269b75,f000d324411431a807bac72657424c44472cc457a2b2f856442e941850c00046,0.14523449319213314,0.49363338376197674,0.0,2118.3338790770313,4767,1.0,0.2730593742009506,static_tuned,1.0,0.07060821641274617,0.2772157085224407,2e00e64cc105e87a5d0992bf,4.167723625000235,storm,7405,24bfb8b9aac5b87f9f268595cf4462964bd3a01da9d8089f51ed740d780fee86,0,0.4949571356530509
0,0.07918098940529779,0.0,46.94615617259091,0,0.0,0.4711583229400937,0.7214620718237409,0.26021180030257185,0.32086683088039425,3.080449246339786,0.8055555555555556,0.8055555555555556,29,36,443.28178981435013,7dcec8ccf48aef577ac48a22572a1e57cbcc21eed65366d0ce5a56e849a8478b,f000d324411431a807bac72657424c44472cc457a2b2f856442e941850c00046,0.35703479576399394,0.7825937608588628,0.0,2120.276576846264,9789,1.0,0.19964995268544883,static_tuned,1.0,0.11107111412188338,0.46996869381808215,7a833d45dfefddd5dbc5ad54,4.697730383000362,moving_front,7402,24bfb8b9aac5b87f9f268595cf4462964bd3a01da9d8089f51ed740d780fee86,0,0.024205748865355523
0,0.03760085728693898,0.0,38.376473461926366,0,0.0,0.4092628156638408,0.7261724659606655,0.048411497730711045,0.5729166666666666,3.1085892918930367,0.9444444444444444,0.9444444444444444,34,36,442.8866430900482,b6042939e80d40426644a34958628983bc734041fc27fde572e72cc5f97324d1,f000d324411431a807bac72657424c44472cc457a2b2f856442e941850c00046,0.24205748865355523,0.7644430786686837,0.0,2122.0674480000625,9957,1.0,0.4218512255921245,static_tuned,0.9644478063540091,0.17395098352746352,0.41052067574382245,d94c703439bcc6cf5abca26e,4.601342161000048,sensor_fault,7403,24bfb8b9aac5b87f9f268595cf4462964bd3a01da9d8089f51ed740d780fee86,0,0.006555723651033787
46,0.041964124424069854,0.0,46.9121395465804,0,0.004034291477559253,0.4694766054727275,0.6435613785797903,0.3585476550680787,0.08830472212902304,12.521097964034327,1.0,0.9166666666666666,33,36,502.2090422325804,aed5cea54843333f2cee40ef5f9916e6843f18c68c1640c6629b8ba5473ba2ac,f000d324411431a807bac72657424c44472cc457a2b2f856442e941850c00046,0.1437216338880484,0.7849049827395025,4.55,1642.3156420425453,6305,1.0,0.26464530225243155,fungal,1.0,0.1626416972661432,0.4699351440719713,8bc065cb8b4c958992c47d1a,13.230955167000047,moving_front,7405,24bfb8b9aac5b87f9f268595cf4462964bd3a01da9d8089f51ed740d780fee86,46,0.12733232476046394
52,0.04592158345940494,0.0,41.81830717347454,0,0.0,0.40190356695344415,0.7116821104387291,0.04387291981845688,0.5677083333333333,12.256693214148937,1.0,1.0,36,36,471.97793124677617,c359e5cb27b972ae55146d09e06772a6f7492831e575cb57f6264e844f1f95bf,f000d324411431a807bac72657424c44472cc457a2b2f856442e941850c00046,0.14674735249621784,0.7562405446293493,5.166666666666667,1923.6460113362705,8710,1.0,0.28625628756592997,economic,0.9596570852244074,0.19332650606928656,0.4010495461422088,722c040c55c800784b849d58,12.38499715099988,sensor_fault,7402,24bfb8b9aac5b87f9f268595cf4462964bd3a01da9d8089f51ed740d780fee86,52,0.00453857791225416
34,0.3412049293998991,0.0,137.18797276853252,0,0.0057992939989914265,0.27439567945885235,0.3831946545637922,0.6747352496217852,0.057291666666666664,10.23375810642259,0.6666666666666666,0.6666666666666666,24,36,463.39182685612656,bf22e5fd3e600662d73241838faee30d9d27653bbd3f68fd2fe586974a4fe24f,f000d324411431a807bac72657424c44472cc457a2b2f856442e941850c00046,0.18608169440242056,0.4608784039334341,3.3666666666666667,1285.45763092069,7176,1.0,0.1596106159362005,deadline_fusion,1.0,0.09406363142420011,0.2741584720121028,f4b6bdc581c7319563a0f005,36.80703318199994,storm,7407,24bfb8b9aac5b87f9f268595cf4462964bd3a01da9d8089f51ed740d780fee86,34,0.13035804336863338
53,0.06323407165454502,0.0,39.72760120726983,0,0.0,0.5200457780682133,0.7778167504254393,0.16036308623298035,0.44095827138010657,14.669763311120825,0.9722222222222222,0.9444444444444444,34,36,532.6533675876775,f6607a969a5ef1eea39be0c460b71ba26e71f1756695c2542e3419a04b4aaaf6,f000d324411431a807bac72657424c44472cc457a2b2f856442e941850c00046,0.4069591527987897,0.8067493131605281,5.266666666666667,1368.8475248737595,11116,1.0,0.15654941413184004,deadline_fusion,1.0,0.1132852615679406,0.5198629538322097,2ae8635a2152be417957e587,34.12537139899996,moving_front,7407,24bfb8b9aac5b87f9f268595cf4462964bd3a01da9d8089f51ed740d780fee86,53,0.0017650025214321732
26,0.04871879727685325,0.0,42.49038703983862,0,0.0,0.39789142004842365,0.7115796772566817,0.046898638426626324,0.5625,8.882016917623666,1.0,1.0,36,36,462.28219173899197,c359e5cb27b972ae55146d09e06772a6f7492831e575cb57f6264e844f1f95bf,f000d324411431a807bac72657424c44472cc457a2b2f856442e941850c00046,0.1649016641452345,0.755184694906707,2.6,1966.3238078055726,8882,1.0,0.2859037048909519,fungal,0.961674230963187,0.19173978046229304,0.3969837367624811,8a4d83b0704302ca31c920f1,13.694127654000113,sensor_fault,7402,24bfb8b9aac5b87f9f268595cf4462964bd3a01da9d8089f51ed740d780fee86,26,0.00453857791225416
52,0.0883170345010172,0.0,49.72426817502969,0,0.0,0.49539830078251434,0.7178656897240568,0.2753403933434191,0.31015685571971896,13.979252786909768,0.9444444444444444,0.9444444444444444,34,36,519.4644582549906,89094df6562f94893fcdf2f73413da85d533716cc68083ab53a8bdd415ffb03a,f000d324411431a807bac72657424c44472cc457a2b2f856442e941850c00046,0.2617246596066566,0.7750042045429395,5.183333333333334,1551.2452466991147,8553,1.0,0.3288659001500471,fungal,1.0,0.08916875308120648,0.494267050647065,62ade77254edadd15295c476,12.029466439000316,moving_front,7404,24bfb8b9aac5b87f9f268595cf4462964bd3a01da9d8089f51ed740d780fee86,52,0.020675743822491172
36,0.032920448814926874,0.0,37.20633194654564,0,0.0,0.418521648351281,0.7291351487644983,0.04236006051437216,0.5833333333333333,10.186795244050094,0.9444444444444444,0.9444444444444444,34,36,474.120229333116,b6042939e80d40426644a34958628983bc734041fc27fde572e72cc5f97324d1,f000d324411431a807bac72657424c44472cc457a2b2f856442e941850c00046,0.18608169440242056,0.7699744704992434,3.6,2009.5356023585773,9223,1.0,0.42130221798763257,deadline_fusion,0.9614220877458396,0.17314547213623438,0.42013363590519415,712a843ff9adcfbfae16d052,35.79901316500036,sensor_fault,7403,24bfb8b9aac5b87f9f268595cf4462964bd3a01da9d8089f51ed740d780fee86,36,0.004790721129601614
54,0.05293514211485707,0.0,38.2221696303556,0,0.0,0.507985654192842,0.7581684051767645,0.1664145234493192,0.4166394929261281,14.728010453445428,1.0,1.0,36,36,528.4208910852958,865b5c3b3ce655724713b56672b341110b778139c3f175535316775e5c3a5948,f000d324411431a807bac72657424c44472cc457a2b2f856442e941850c00046,0.34190620272314676,0.8133621145815735,5.4,1462.9215393975976,9913,1.0,0.2767292494730379,deadline_fusion,1.0,0.11104837026137929,0.5092452128819218,79d622ce5ebb5f011e3c1373,34.65389804100005,moving_front,7403,24bfb8b9aac5b87f9f268595cf4462964bd3a01da9d8089f51ed740d780fee86,54,0.014876449823499746
51,0.07013856995183013,0.0,46.82759729717764,0,0.0,0.49358211126133117,0.7036171294853049,0.2723146747352496,0.2726110058160527,14.224477498717905,0.9722222222222222,0.9722222222222222,35,36,517.4768850507525,650402cbfad7afc2ab72c5aa9178caafa54ea7f2b048d369a0d44d894a6ce9fd,f000d324411431a807bac72657424c44472cc457a2b2f856442e941850c00046,0.15582450832072617,0.7998244522466543,5.033333333333333,1508.9006062603041,6950,1.0,0.35324081597635765,fungal,1.0,0.10254272265690045,0.49369021519647216,eb276f8ceff7124b142bd9c0,12.966299975999846,moving_front,7401,24bfb8b9aac5b87f9f268595cf4462964bd3a01da9d8089f51ed740d780fee86,51,0.04488149268784669
21,0.06336674230963187,0.0,49.70530761472516,0,0.0,0.3781092045114469,0.6735139309127584,0.07564296520423601,0.5260416666666666,8.721488454817724,0.9722222222222222,0.9444444444444444,34,36,469.92098594523463,a5f601e023dc1aa53b04188c240687a14abd0d5f4c255ab2dc568f2a2f5df8e8,f000d324411431a807bac72657424c44472cc457a2b2f856442e941850c00046,0.13010590015128592,0.7173238149268784,2.1,1990.9660716871056,8137,1.0,0.45702261273868366,fungal,1.0,0.1642427912894713,0.3773874810892587,644ff434f855a45bddc50a48,13.484845556999971,sensor_fault,7400,24bfb8b9aac5b87f9f268595cf4462964bd3a01da9d8089f51ed740d780fee86,21,0.0037821482602118004
25,0.3138473903177005,0.0,145.4706016767524,0,0.04462934947049924,0.2642501890454735,0.28388174483106404,0.7655068078668684,0.0,6.779133569327427,0.75,0.5555555555555556,20,36,416.55715222551646,284b34575075c235f825fa3a6fb0acbaf961aa1b3a61f4cae139989c64269b75,f000d324411431a807bac72657424c44472cc457a2b2f856442e941850c00046,0.039334341906202726,0.4632028492183561,2.4833333333333334,1628.0590804763772,3536,1.0,0.2647876822601989,deadline_fusion,1.0,0.15601028143180345,0.26402546646495206,9dd6fc99a5831098c2fed22f,28.658937326999876,storm,7405,24bfb8b9aac5b87f9f268595cf4462964bd3a01da9d8089f51ed740d780fee86,25,0.39838628340897625
40,0.05518784669692385,0.0,46.53795543368633,0,0.0,0.39603724932233814,0.6928816817952597,0.05143721633888049,0.5572916666666666,11.35120814310705,0.8888888888888888,0.8888888888888888,32,36,479.0635755359766,ba12b80176036ce405bf4e6e6df9481c07e23c7b2df952335b0683db80b6e187,f000d324411431a807bac72657424c44472cc457a2b2f856442e941850c00046,0.14826021180030258,0.7411592284417549,3.9833333333333334,1979.119122438626,8329,1.0,0.4392049870940377,deadline_fusion,0.95940494200706,0.15378916728245337,0.39491931417044873,49dc4be734e55be500a2060b,35.25379358900045,sensor_fault,7404,24bfb8b9aac5b87f9f268595cf4462964bd3a01da9d8089f51ed740d780fee86,40,0.00529500756429652
53,0.0335429273827534,0.0,37.13959278870398,0,0.0,0.41932275927918694,0.7297891452344931,0.0453857791225416,0.5729166666666665,10.212250234242434,0.9444444444444444,0.9444444444444444,34,36,450.55322908819835,b6042939e80d40426644a34958628983bc734041fc27fde572e72cc5f97324d1,f000d324411431a807bac72657424c44472cc457a2b2f856442e941850c00046,0.18456883509833585,0.7713376197680282,5.25,2021.938588510117,9113,1.0,0.42145888954465505,economic,0.9601613716591023,0.17388296220982102,0.4212604009077156,ce4dfda2f5af12999325bbae,13.2766475239996,sensor_fault,7403,24bfb8b9aac5b87f9f268595cf4462964bd3a01da9d8089f51ed740d780fee86,53,0.00529500756429652
43,0.3278177004538578,0.0,133.8475479072113,0,0.011598587997982853,0.28768013128037667,0.38772535300050426,0.6913767019667171,0.05208333333333333,10.731798137692518,0.6944444444444444,0.6111111111111112,22,36,461.3729461266688,b6042939e80d40426644a34958628983bc734041fc27fde572e72cc5f97324d1,f000d324411431a807bac72657424c44472cc457a2b2f856442e941850c00046,0.1649016641452345,0.4814911119515885,4.3,1106.0481488211135,6817,1.0,0.2703340400584537,economic,1.0,0.11864926884819092,0.28857003277861826,f7b067d525ed9f0e823d8a5d,12.980241270000079,storm,7403,24bfb8b9aac5b87f9f268595cf4462964bd3a01da9d8089f51ed740d780fee86,43,0.13414019162884516
30,0.30589699949571353,0.0,145.87686743570347,0,0.07866868381240544,0.27153515464172884,0.28388962430660614,0.7609682299546142,0.0,7.951449712532321,0.8055555555555556,0.5833333333333334,21,36,439.8484252808222,284b34575075c235f825fa3a6fb0acbaf961aa1b3a61f4cae139989c64269b75,f000d324411431a807bac72657424c44472cc457a2b2f856442e941850c00046,0.0529500756429652,0.47435230711043863,2.9833333333333334,1789.1176790604638,3546,1.0,0.2659173195164155,economic,1.0,0.13153637427419107,0.27112487392839124,d3faba3ab691fddb73acb60b,11.675653941999826,storm,7405,24bfb8b9aac5b87f9f268595cf4462964bd3a01da9d8089f51ed740d780fee86,30,0.43040847201210286
48,0.07806196419566314,0.0,55.40331095562278,0,0.0,0.39221001067140343,0.6489063287947553,0.08018154311649017,0.5260416666666665,8.392443859254822,0.8888888888888888,0.8888888888888888,32,36,419.76546569450636,580d08a6660d7a74e12557b1e18d4d8db6e57b6ac0bf9c2033a30d5eae99147c,f000d324411431a807bac72657424c44472cc457a2b2f856442e941850c00046,0.01664145234493192,0.7173789712556731,4.716666666666667,2014.0611553190593,5401,1.0,0.4191685201419704,economic,0.953857791225416,0.1810369826029718,0.39259486888552697,d69e2bf0f9126223a610b44f,12.954016233999937,sensor_fault,7401,24bfb8b9aac5b87f9f268595cf4462964bd3a01da9d8089f51ed740d780fee86,48,0.0057992939989914265
0,0.05587336106908724,0.0,47.099919629349465,0,0.0,0.39095927594842067,0.6947254790721129,0.036308623298033284,0.5625,3.105774588994078,0.8888888888888888,0.8888888888888888,32,36,443.0121216033966,ba12b80176036ce405bf4e6e6df9481c07e23c7b2df952335b0683db80b6e187,f000d324411431a807bac72657424c44472cc457a2b2f856442e941850c00046,0.17095310136157338,0.7367703605648007,0.0,2121.1429850666664,8794,1.0,0.4392252796221806,static_tuned,0.9604135148764497,0.15265586299214623,0.3900576777609682,b87b53d681b4a3aeefdbd6fe,4.865891496999666,sensor_fault,7404,24bfb8b9aac5b87f9f268595cf4462964bd3a01da9d8089f51ed740d780fee86,0,0.0025214321734745334
0,0.06303580433686333,0.0,49.78524489409985,0,0.0,0.37282663677256295,0.6736163640948057,0.06505295007564296,0.5312499999999999,3.086454382056535,0.9722222222222222,0.9444444444444444,34,36,442.8420774394451,a5f601e023dc1aa53b04188c240687a14abd0d5f4c255ab2dc568f2a2f5df8e8,f000d324411431a807bac72657424c44472cc457a2b2f856442e941850c00046,0.14977307110438728,0.7145108421583459,0.0,2119.9080502091765,8482,1.0,0.4572972181725808,static_tuned,1.0,0.1636798772944342,0.3722421835602622,f211e90d8e3e9f794cc6cb24,4.8359899300003235,sensor_fault,7400,24bfb8b9aac5b87f9f268595cf4462964bd3a01da9d8089f51ed740d780fee86,0,0.00226928895612708
55,0.05462840393343418,0.0,46.566833711548156,0,0.0,0.3996232134931766,0.6930944276348966,0.04084720121028744,0.5572916666666666,11.366505075659243,0.8611111111111112,0.8611111111111112,31,36,457.6937548218961,ba12b80176036ce405bf4e6e6df9481c07e23c7b2df952335b0683db80b6e187,f000d324411431a807bac72657424c44472cc457a2b2f856442e941850c00046,0.14069591527987896,0.7416398764498234,5.466666666666667,1889.6162130828743,8180,1.0,0.4396222283359248,economic,0.9558749369641956,0.15562920418313422,0.3982602118003026,2c8c0833bbaf7fe1acf903a3,13.706863371999134,sensor_fault,7404,24bfb8b9aac5b87f9f268595cf4462964bd3a01da9d8089f51ed740d780fee86,55,0.0037821482602118004
57,0.06928877209504819,0.0,46.94512636239821,0,0.0,0.49466831626095686,0.7008071258927254,0.2783661119515885,0.24166560284261385,14.440008873722201,0.9722222222222222,0.9722222222222222,35,36,515.2941503610438,650402cbfad7afc2ab72c5aa9178caafa54ea7f2b048d369a0d44d894a6ce9fd,f000d324411431a807bac72657424c44472cc457a2b2f856442e941850c00046,0.1588502269288956,0.7956027415310786,5.616666666666666,1558.6638885438797,7092,1.0,0.35589082702419506,economic,1.0,0.10055405022378033,0.49530478686099405,b9375fc5cd25f127831c48e2,12.785529159999896,moving_front,7401,24bfb8b9aac5b87f9f268595cf4462964bd3a01da9d8089f51ed740d780fee86,57,0.050176500252143215
54,0.08128220147475185,0.0,51.57621708201617,0,0.013111447302067576,0.4792478068443212,0.6911076055659726,0.2934947049924357,0.2669128921054531,14.263409209169149,0.8333333333333334,0.8333333333333334,30,36,516.4727528145962,0803aedd6dc7e01a9cfc12b773308a5e492e508a5cc56bfeb608fc07a4e1aa85,f000d324411431a807bac72657424c44472cc457a2b2f856442e941850c00046,0.21936459909228442,0.7781627687853924,5.4,1538.5964298447839,7754,1.0,0.5576287811084631,deadline_fusion,1.0,0.09718353525495153,0.4808637843068682,bdb42c7bff65bfaab7a0c04a,33.179476231999615,moving_front,7406,24bfb8b9aac5b87f9f268595cf4462964bd3a01da9d8089f51ed740d780fee86,54,0.07312153303076147
0,0.05251670448814927,0.0,43.64520297528997,0,0.0,0.392614485022827,0.7088612581946545,0.046898638426626324,0.5625,3.0841595637987336,1.0,1.0,36,36,442.902044413535,c359e5cb27b972ae55146d09e06772a6f7492831e575cb57f6264e844f1f95bf,f000d324411431a807bac72657424c44472cc457a2b2f856442e941850c00046,0.19969742813918306,0.7496296646495209,0.0,2121.6047781590773,9403,1.0,0.2857837324778536,static_tuned,0.9641956631366615,0.19074979578801343,0.3916256933938477,cd9ba91926f479143cac9e48,4.9017918909999025,sensor_fault,7402,24bfb8b9aac5b87f9f268595cf4462964bd3a01da9d8089f51ed740d780fee86,0,0.00453857791225416
54,0.0876488562104303,0.0,50.631606809178315,0,0.0,0.4775872468489014,0.7004476147272677,0.2980332829046899,0.2498957279253021,14.457694365046846,1.0,0.9722222222222222,35,36,523.6555668044743,ecc5ab5a102f0b25df2f9b87bd22d7265d941c3bc671c1bc0c2b6b5c4fec859f,f000d324411431a807bac72657424c44472cc457a2b2f856442e941850c00046,0.3071104387291982,0.7682634659835994,5.366666666666666,1568.941406146886,9036,1.0,0.34881735912829903,deadline_fusion,1.0,0.12040049539734202,0.4767958137426064,5ec0bbe985e19a0c83ef92ee,32.747154809999756,moving_front,7400,24bfb8b9aac5b87f9f268595cf4462964bd3a01da9d8089f51ed740d780fee86,54,0.03983862834089763
58,0.07886616908079108,0.0,51.22297869288801,0,0.009581442259203227,0.47733472961943535,0.6943142717704874,0.27685325264750377,0.28069323172815974,14.025508497207259,0.8888888888888888,0.8888888888888888,32,36,517.604879202119,0803aedd6dc7e01a9cfc12b773308a5e492e508a5cc56bfeb608fc07a4e1aa85,f000d324411431a807bac72657424c44472cc457a2b2f856442e941850c00046,0.23751891074130105,0.7781369905498181,5.783333333333333,1458.3828084390582,7851,1.0,0.559967136738384,economic,1.0,0.10813319614700324,0.47872150596047786,70d714db888debd464357934,13.424790621000284,moving_front,7406,24bfb8b9aac5b87f9f268595cf4462964bd3a01da9d8089f51ed740d780fee86,58,0.06606152294503277
21,0.03133667423096319,0.0,43.69748329551185,0,0.0,0.39520880401877523,0.6517902168431668,0.1588502269288956,0.42708333333333326,6.9685822875450025,0.9166666666666666,0.8888888888888888,32,36,436.8698605805742,284b34575075c235f825fa3a6fb0acbaf961aa1b3a61f4cae139989c64269b75,f000d324411431a807bac72657424c44472cc457a2b2f856442e941850c00046,0.019667170953101363,0.7615828290468986,2.0833333333333335,1967.0605325570082,4990,0.9997478567826527,0.49115349426021404,fungal,0.9566313666162379,0.21111137185122322,0.3963297402924861,67e268dfae90951fd404976c,14.041990153999905,sensor_fault,7405,24bfb8b9aac5b87f9f268595cf4462964bd3a01da9d8089f51ed740d780fee86,21,0.032274331820474025
54,0.0516099615212142,0.0,37.5051936323654,0,0.0,0.5108544870131885,0.7607094168021252,0.1649016641452345,0.42782849604492523,14.70213979302477,1.0,1.0,36,36,528.377072924741,865b5c3b3ce655724713b56672b341110b778139c3f175535316775e5c3a5948,f000d324411431a807bac72657424c44472cc457a2b2f856442e941850c00046,0.3267776096822995,0.8175978542711363,5.366666666666666,1437.7103274960439,9830,1.0,0.27510288974100716,fungal,1.0,0.10229116325316139,0.510780473675461,0097cba09a4a9b02e49a2429,12.655285024000023,moving_front,7403,24bfb8b9aac5b87f9f268595cf4462964bd3a01da9d8089f51ed740d780fee86,54,0.018658598083711547
0,0.27994200706001005,0.0,126.8631019919314,0,0.03580433686333837,0.30072211700897283,0.36662411749873924,0.6944024205748865,0.0,3.471330025638178,0.6944444444444444,0.5,18,36,443.2464625917722,b6042939e80d40426644a34958628983bc734041fc27fde572e72cc5f97324d1,f000d324411431a807bac72657424c44472cc457a2b2f856442e941850c00046,0.22239031770045387,0.5207072617246596,0.0,2119.9999823814596,6841,1.0,0.2682697710493473,static_tuned,1.0,0.09863497673614555,0.3023827534039334,822c75cf19a1c7aae6cfabb7,4.595832737999899,storm,7403,24bfb8b9aac5b87f9f268595cf4462964bd3a01da9d8089f51ed740d780fee86,0,0.3219868885526979
32,0.37604009077155826,0.0,150.48348461926372,0,0.017145738779626826,0.26002223797174073,0.3250204866364095,0.7095310136157338,0.0,9.362315441727777,0.6944444444444444,0.6111111111111112,22,36,449.9307389217423,7d7d4f491b38c7209719969597218e53fac233cc18d92cbba88291e504acdcf5,f000d324411431a807bac72657424c44472cc457a2b2f856442e941850c00046,0.10287443267776097,0.44099060766515374,3.183333333333333,1372.999018191617,4980,1.0,0.554787901082977,deadline_fusion,1.0,0.0758217025047941,0.25967599596570856,39dc63aa22db79926730669d,35.85232487699977,storm,7406,24bfb8b9aac5b87f9f268595cf4462964bd3a01da9d8089f51ed740d780fee86,32,0.2743318204740292
31,0.34993538830055476,0.0,141.09914744074635,0,0.020927887039838628,0.27587928983728705,0.36002111699445283,0.6944024205748865,0.03645833333333333,9.230234063914137,0.75,0.6666666666666666,24,36,449.1440952376767,c359e5cb27b972ae55146d09e06772a6f7492831e575cb57f6264e844f1f95bf,f000d324411431a807bac72657424c44472cc457a2b2f856442e941850c00046,0.13010590015128592,0.4599092284417549,3.0833333333333335,1375.0113640877232,5636,1.0,0.19662985633813274,deadline_fusion,1.0,0.08979053581994141,0.27556101865859806,22f0d99767234010e4db3196,31.496966335000252,storm,7402,24bfb8b9aac5b87f9f268595cf4462964bd3a01da9d8089f51ed740d780fee86,31,0.1828038325769037
29,0.0631067196167423,0.0,49.462265191628845,0,0.0,0.3782706740320594,0.6740812531517902,0.07866868381240545,0.5208333333333333,8.5757146860355,0.9722222222222222,0.9444444444444444,34,36,452.9061169495323,a5f601e023dc1aa53b04188c240687a14abd0d5f4c255ab2dc568f2a2f5df8e8,f000d324411431a807bac72657424c44472cc457a2b2f856442e941850c00046,0.13313161875945537,0.7196167423096318,2.85,1957.200031009844,8115,1.0,0.4574963742461116,deadline_fusion,1.0,0.165603851174526,0.3775056732223903,e4e6ba44e5124ec23e834508,34.85584470899994,sensor_fault,7400,24bfb8b9aac5b87f9f268595cf4462964bd3a01da9d8089f51ed740d780fee86,29,0.004286434694906707
