delivered,local_fresh,raw_scan,conditional_expected,graph_connected,telemetry_stale,command_stale,range_rmse,offset_rmse,range_interval90,offset_interval90,capped_aoi_s,aoi_cap_fraction,early_report_rate,early_local_rate,eligible_targets,early_reports,energy_wh,distance_km,min_separation_m,collision_steps,switches,calibration_fraction,observations,scenario,seed,policy,config,source_sha256,exogenous_sha256,run_id,runtime_s,action_counts,checkpoint_sha256,rl_source_sha256,residual_actions,dataset,utility
0.6991145357492646,0.8408158554101566,0.4918175489803219,0.49253851747934535,0.20726172465960666,0.11749873928391327,0.0007564296520423601,0.08728775129463624,0.19173132756311773,1.0,1.0,39.349171272659305,0.03216697830430114,0.9444444444444444,0.9444444444444444,36,34,483.8595468084758,10.394645174573807,1545.8083384747745,0,50,0.0,7163,moving_front,8000,native_residual,"{'n': 6, 'duration_s': 3600, 'dt_s': 5.0, 'motion_dt_s': 1.0, 'decision_s': 60.0, 'warmup_s': 300, 'report_ttl_s': 30.0, 'telemetry_ttl_s': 40.0, 'command_timeout_s': 180.0, 'mission_radius_m': 2500.0, 'crossing_radius_m': 1800.0, 'required_lead_s': 60.0, 'grid_angles': 64, 'target_count': 36, 'priority_turns': 1.0, 'max_speed_mps': 3.0, 'battery_wh': 1800.0, 'radio_r50_calm_m': 3200, 'radar_r50_calm_m': 1650.0, 'camera_r50_calm_m': 650.0, 'radio_weather_slope': 1.05, 'radar_weather_slope': 1.4, 'wave_correlation_m': 350.0, 'wave_memory_s': 15.0, 'range_process_std': 0.004, 'availability_process_std': 0.008, 'sensor_model': 'logistic', 'full_blackout': False, 'information_weight': 0.035, 'movement_weight': 0.025, 'switch_threshold': 0.006, 'minimum_dwell_s': 120.0, 'evidence_memory_s': 90.0, 'habituation_memory_s': 480.0, 'habituation_gain': 2.0, 'planner_samples': 32, 'temporal_planner': True, 'transit_lookahead_s': 300.0}",24bfb8b9aac5b87f9f268595cf4462964bd3a01da9d8089f51ed740d780fee86,f1dd4c7e3910298586fc78f0a7159516f51c76fae4e464372cda71e41a1729ef,0867a6a61b1d1d5d0edd,36.618025647000195,"[60, 0, 0, 0, 0, 0, 0, 0]",d303d8e5aa1a38d6afabfcc45dbd84e9aac82f219d411126965ab4bf2cb6e27e,5113616c5fa00215ac2ca5cfa63d5545c3ead1d5a52d320aad84b253498818e5,"[0, 0, 13, 0, 0, 0, 0, 0, 47]",native_comparison,0.6789537212989115
0.7081312080437587,0.8095296429640556,0.4745364071545455,0.47438849036838976,0.24357034795763993,0.06631366616238023,0.0,0.11621275881494553,0.29386000634068404,1.0,1.0,42.63169160684282,0.049836939653783933,0.9444444444444444,0.9722222222222222,36,34,389.8509413979696,7.530965680467783,1844.1008170203668,0,56,0.0,7886,moving_front,8001,native_residual,"{'n': 6, 'duration_s': 3600, 'dt_s': 5.0, 'motion_dt_s': 1.0, 'decision_s': 60.0, 'warmup_s': 300, 'report_ttl_s': 30.0, 'telemetry_ttl_s': 40.0, 'command_timeout_s': 180.0, 'mission_radius_m': 2500.0, 'crossing_radius_m': 1800.0, 'required_lead_s': 60.0, 'grid_angles': 64, 'target_count': 36, 'priority_turns': 1.0, 'max_speed_mps': 3.0, 'battery_wh': 1800.0, 'radio_r50_calm_m': 3200, 'radar_r50_calm_m': 1650.0, 'camera_r50_calm_m': 650.0, 'radio_weather_slope': 1.05, 'radar_weather_slope': 1.4, 'wave_correlation_m': 350.0, 'wave_memory_s': 15.0, 'range_process_std': 0.004, 'availability_process_std': 0.008, 'sensor_model': 'logistic', 'full_blackout': False, 'information_weight': 0.035, 'movement_weight': 0.025, 'switch_threshold': 0.006, 'minimum_dwell_s': 120.0, 'evidence_memory_s': 90.0, 'habituation_memory_s': 480.0, 'habituation_gain': 2.0, 'planner_samples': 32, 'temporal_planner': True, 'transit_lookahead_s': 300.0}",24bfb8b9aac5b87f9f268595cf4462964bd3a01da9d8089f51ed740d780fee86,fdae18d0c7ff6890708f1d410bcdd5c495777414f57737499952bfff982ffe9b,fcc65bff31f7ce8dc44f,34.12721626600023,"[60, 0, 0, 0, 0, 0, 0, 0]",d303d8e5aa1a38d6afabfcc45dbd84e9aac82f219d411126965ab4bf2cb6e27e,5113616c5fa00215ac2ca5cfa63d5545c3ead1d5a52d320aad84b253498818e5,"[0, 0, 60, 0, 0, 0, 0, 0, 0]",native_comparison,0.6918874188188433
0.6719394562570853,0.8340113695742688,0.490487164340399,0.4887741104070216,0.1875945537065053,0.15784165405950576,0.012859304084720122,0.1117950672193402,0.28821629469148247,1.0,1.0,43.74007145035236,0.03856765420240162,0.9166666666666666,1.0,36,33,388.92575350082984,6.626763896264945,1853.295732233947,0,51,0.0,6621,moving_front,8002,native_residual,"{'n': 6, 'duration_s': 3600, 'dt_s': 5.0, 'motion_dt_s': 1.0, 'decision_s': 60.0, 'warmup_s': 300, 'report_ttl_s': 30.0, 'telemetry_ttl_s': 40.0, 'command_timeout_s': 180.0, 'mission_radius_m': 2500.0, 'crossing_radius_m': 1800.0, 'required_lead_s': 60.0, 'grid_angles': 64, 'target_count': 36, 'priority_turns': 1.0, 'max_speed_mps': 3.0, 'battery_wh': 1800.0, 'radio_r50_calm_m': 3200, 'radar_r50_calm_m': 1650.0, 'camera_r50_calm_m': 650.0, 'radio_weather_slope': 1.05, 'radar_weather_slope': 1.4, 'wave_correlation_m': 350.0, 'wave_memory_s': 15.0, 'range_process_std': 0.004, 'availability_process_std': 0.008, 'sensor_model': 'logistic', 'full_blackout': False, 'information_weight': 0.035, 'movement_weight': 0.025, 'switch_threshold': 0.006, 'minimum_dwell_s': 120.0, 'evidence_memory_s': 90.0, 'habituation_memory_s': 480.0, 'habituation_gain': 2.0, 'planner_samples': 32, 'temporal_planner': True, 'transit_lookahead_s': 300.0}",24bfb8b9aac5b87f9f268595cf4462964bd3a01da9d8089f51ed740d780fee86,e1fa49c4a6f63176da4ca23b738bfc660d358aa722a5220440d8f2469aa2ae33,b75d270b354d90977f37,28.14638188500021,"[60, 0, 0, 0, 0, 0, 0, 0]",d303d8e5aa1a38d6afabfcc45dbd84e9aac82f219d411126965ab4bf2cb6e27e,5113616c5fa00215ac2ca5cfa63d5545c3ead1d5a52d320aad84b253498818e5,"[0, 0, 60, 0, 0, 0, 0, 0, 0]",native_comparison,0.655734216527884
0.661235253565419,0.8016741913080088,0.4488168638795049,0.4497671727921685,0.1649016641452345,0.13817448310640446,0.0032778618255168935,0.12241416323323709,0.3343026551522808,1.0,1.0,48.53496490707286,0.05178238763460407,0.8055555555555556,0.9444444444444444,36,29,391.2300677145569,7.643304185244056,1798.383776845019,0,56,0.0,6136,moving_front,8003,native_residual,"{'n': 6, 'duration_s': 3600, 'dt_s': 5.0, 'motion_dt_s': 1.0, 'decision_s': 60.0, 'warmup_s': 300, 'report_ttl_s': 30.0, 'telemetry_ttl_s': 40.0, 'command_timeout_s': 180.0, 'mission_radius_m': 2500.0, 'crossing_radius_m': 1800.0, 'required_lead_s': 60.0, 'grid_angles': 64, 'target_count': 36, 'priority_turns': 1.0, 'max_speed_mps': 3.0, 'battery_wh': 1800.0, 'radio_r50_calm_m': 3200, 'radar_r50_calm_m': 1650.0, 'camera_r50_calm_m': 650.0, 'radio_weather_slope': 1.05, 'radar_weather_slope': 1.4, 'wave_correlation_m': 350.0, 'wave_memory_s': 15.0, 'range_process_std': 0.004, 'availability_process_std': 0.008, 'sensor_model': 'logistic', 'full_blackout': False, 'information_weight': 0.035, 'movement_weight': 0.025, 'switch_threshold': 0.006, 'minimum_dwell_s': 120.0, 'evidence_memory_s': 90.0, 'habituation_memory_s': 480.0, 'habituation_gain': 2.0, 'planner_samples': 32, 'temporal_planner': True, 'transit_lookahead_s': 300.0}",24bfb8b9aac5b87f9f268595cf4462964bd3a01da9d8089f51ed740d780fee86,1efea19aa8dee786af9e4d399b41822b8f25435036e59f057231ad3aaf66f3af,926645758251d482f300,15.588869605000127,"[60, 0, 0, 0, 0, 0, 0, 0]",d303d8e5aa1a38d6afabfcc45dbd84e9aac82f219d411126965ab4bf2cb6e27e,5113616c5fa00215ac2ca5cfa63d5545c3ead1d5a52d320aad84b253498818e5,"[0, 0, 60, 0, 0, 0, 0, 0, 0]",native_comparison,0.6449340007439791
0.7692533819102771,0.8154063310547709,0.4900858150310024,0.4890756985683103,0.39636913767019666,0.012355017650025214,0.0,0.08750289258969905,0.34393490003685684,1.0,1.0,35.70253708248307,0.03999976114060416,0.9444444444444444,0.9722222222222222,36,34,393.5140934010866,7.925512691913062,1761.2994427840474,0,50,0.0,10284,moving_front,8004,native_residual,"{'n': 6, 'duration_s': 3600, 'dt_s': 5.0, 'motion_dt_s': 1.0, 'decision_s': 60.0, 'warmup_s': 300, 'report_ttl_s': 30.0, 'telemetry_ttl_s': 40.0, 'command_timeout_s': 180.0, 'mission_radius_m': 2500.0, 'crossing_radius_m': 1800.0, 'required_lead_s': 60.0, 'grid_angles': 64, 'target_count': 36, 'priority_turns': 1.0, 'max_speed_mps': 3.0, 'battery_wh': 1800.0, 'radio_r50_calm_m': 3200, 'radar_r50_calm_m': 1650.0, 'camera_r50_calm_m': 650.0, 'radio_weather_slope': 1.05, 'radar_weather_slope': 1.4, 'wave_correlation_m': 350.0, 'wave_memory_s': 15.0, 'range_process_std': 0.004, 'availability_process_std': 0.008, 'sensor_model': 'logistic', 'full_blackout': False, 'information_weight': 0.035, 'movement_weight': 0.025, 'switch_threshold': 0.006, 'minimum_dwell_s': 120.0, 'evidence_memory_s': 90.0, 'habituation_memory_s': 480.0, 'habituation_gain': 2.0, 'planner_samples': 32, 'temporal_planner': True, 'transit_lookahead_s': 300.0}",24bfb8b9aac5b87f9f268595cf4462964bd3a01da9d8089f51ed740d780fee86,bd7a3926b01928a158631767ed9df65fc21987ed1be951b92a0a16df2421064c,a193b74944e22c96de09,17.801671957000053,"[60, 0, 0, 0, 0, 0, 0, 0]",d303d8e5aa1a38d6afabfcc45dbd84e9aac82f219d411126965ab4bf2cb6e27e,5113616c5fa00215ac2ca5cfa63d5545c3ead1d5a52d320aad84b253498818e5,"[0, 0, 60, 0, 0, 0, 0, 0, 0]",native_comparison,0.7528569613518985
0.7115350361783781,0.7803753764468351,0.4417165601574526,0.4417082829975974,0.2783661119515885,0.03277861825516894,0.0,0.09211369106438226,0.2983481043592384,1.0,1.0,46.71341243037664,0.06704319252624266,0.9428571428571428,0.9714285714285714,35,33,568.0101083732445,14.742645615501399,1348.9236143240958,0,59,0.0,8585,moving_front,8005,native_residual,"{'n': 6, 'duration_s': 3600, 'dt_s': 5.0, 'motion_dt_s': 1.0, 'decision_s': 60.0, 'warmup_s': 300, 'report_ttl_s': 30.0, 'telemetry_ttl_s': 40.0, 'command_timeout_s': 180.0, 'mission_radius_m': 2500.0, 'crossing_radius_m': 1800.0, 'required_lead_s': 60.0, 'grid_angles': 64, 'target_count': 36, 'priority_turns': 1.0, 'max_speed_mps': 3.0, 'battery_wh': 1800.0, 'radio_r50_calm_m': 3200, 'radar_r50_calm_m': 1650.0, 'camera_r50_calm_m': 650.0, 'radio_weather_slope': 1.05, 'radar_weather_slope': 1.4, 'wave_correlation_m': 350.0, 'wave_memory_s': 15.0, 'range_process_std': 0.004, 'availability_process_std': 0.008, 'sensor_model': 'logistic', 'full_blackout': False, 'information_weight': 0.035, 'movement_weight': 0.025, 'switch_threshold': 0.006, 'minimum_dwell_s': 120.0, 'evidence_memory_s': 90.0, 'habituation_memory_s': 480.0, 'habituation_gain': 2.0, 'planner_samples': 32, 'temporal_planner': True, 'transit_lookahead_s': 300.0}",24bfb8b9aac5b87f9f268595cf4462964bd3a01da9d8089f51ed740d780fee86,0815bb7b190b7e25c4f807c0c9e95d4b91eb8bba5b868a962a40622b29fd3eea,402c9e289858a936e443,16.56268797199982,"[60, 0, 0, 0, 0, 0, 0, 0]",d303d8e5aa1a38d6afabfcc45dbd84e9aac82f219d411126965ab4bf2cb6e27e,5113616c5fa00215ac2ca5cfa63d5545c3ead1d5a52d320aad84b253498818e5,"[0, 0, 2, 0, 0, 0, 0, 0, 58]",native_comparison,0.6878679483294929
0.7331773197175995,0.834696482602118,0.4331899268784669,0.43285415060386023,0.03177004538577912,0.023449319213313162,0.0,0.18305781896903398,0.34932576043608454,0.9629349470499243,1.0,32.29804904185577,0.016215960665658093,0.9444444444444444,0.9444444444444444,36,34,414.255322411264,8.285065001842637,1791.2843162563938,0,48,0.0,5717,sensor_fault,8000,native_residual,"{'n': 6, 'duration_s': 3600, 'dt_s': 5.0, 'motion_dt_s': 1.0, 'decision_s': 60.0, 'warmup_s': 300, 'report_ttl_s': 30.0, 'telemetry_ttl_s': 40.0, 'command_timeout_s': 180.0, 'mission_radius_m': 2500.0, 'crossing_radius_m': 1800.0, 'required_lead_s': 60.0, 'grid_angles': 64, 'target_count': 36, 'priority_turns': 1.0, 'max_speed_mps': 3.0, 'battery_wh': 1800.0, 'radio_r50_calm_m': 3200, 'radar_r50_calm_m': 1650.0, 'camera_r50_calm_m': 650.0, 'radio_weather_slope': 1.05, 'radar_weather_slope': 1.4, 'wave_correlation_m': 350.0, 'wave_memory_s': 15.0, 'range_process_std': 0.004, 'availability_process_std': 0.008, 'sensor_model': 'logistic', 'full_blackout': False, 'information_weight': 0.035, 'movement_weight': 0.025, 'switch_threshold': 0.006, 'minimum_dwell_s': 120.0, 'evidence_memory_s': 90.0, 'habituation_memory_s': 480.0, 'habituation_gain': 2.0, 'planner_samples': 32, 'temporal_planner': True, 'transit_lookahead_s': 300.0}",24bfb8b9aac5b87f9f268595cf4462964bd3a01da9d8089f51ed740d780fee86,02ceb9d718529c41baa8d1669a730201ea6eeb0cc0924c621302cef864f6c38a,53d2786c1a4df895c0f0,17.205813993999982,"[60, 0, 0, 0, 0, 0, 0, 0]",d303d8e5aa1a38d6afabfcc45dbd84e9aac82f219d411126965ab4bf2cb6e27e,5113616c5fa00215ac2ca5cfa63d5545c3ead1d5a52d320aad84b253498818e5,"[0, 0, 6, 0, 0, 0, 0, 0, 54]",native_comparison,0.7159166812837968
0.7078369263741804,0.7730474659606655,0.39367435703479575,0.3932464081772975,0.046898638426626324,0.004286434694906707,0.0,0.1774379019433012,0.44901110862840593,1.0,1.0,39.71917549167927,0.030202029752899644,0.9444444444444444,0.9444444444444444,36,34,392.5367322460449,8.139515474640795,2012.7372007397244,0,52,0.0,6392,sensor_fault,8001,native_residual,"{'n': 6, 'duration_s': 3600, 'dt_s': 5.0, 'motion_dt_s': 1.0, 'decision_s': 60.0, 'warmup_s': 300, 'report_ttl_s': 30.0, 'telemetry_ttl_s': 40.0, 'command_timeout_s': 180.0, 'mission_radius_m': 2500.0, 'crossing_radius_m': 1800.0, 'required_lead_s': 60.0, 'grid_angles': 64, 'target_count': 36, 'priority_turns': 1.0, 'max_speed_mps': 3.0, 'battery_wh': 1800.0, 'radio_r50_calm_m': 3200, 'radar_r50_calm_m': 1650.0, 'camera_r50_calm_m': 650.0, 'radio_weather_slope': 1.05, 'radar_weather_slope': 1.4, 'wave_correlation_m': 350.0, 'wave_memory_s': 15.0, 'range_process_std': 0.004, 'availability_process_std': 0.008, 'sensor_model': 'logistic', 'full_blackout': False, 'information_weight': 0.035, 'movement_weight': 0.025, 'switch_threshold': 0.006, 'minimum_dwell_s': 120.0, 'evidence_memory_s': 90.0, 'habituation_memory_s': 480.0, 'habituation_gain': 2.0, 'planner_samples': 32, 'temporal_planner': True, 'transit_lookahead_s': 300.0}",24bfb8b9aac5b87f9f268595cf4462964bd3a01da9d8089f51ed740d780fee86,cb9eaacfdc05f3c91bddcf43367795276bc839dc8c72d58bfba218243df2947b,358ec520aee1f1d362f7,17.75118927099993,"[60, 0, 0, 0, 0, 0, 0, 0]",d303d8e5aa1a38d6afabfcc45dbd84e9aac82f219d411126965ab4bf2cb6e27e,5113616c5fa00215ac2ca5cfa63d5545c3ead1d5a52d320aad84b253498818e5,"[0, 0, 60, 0, 0, 0, 0, 0, 0]",native_comparison,0.6914812291972618
0.7187499999999999,0.8139498234997478,0.4253892460917801,0.42559355973921,0.019667170953101363,0.020171457387796268,0.0,0.18044262428054866,0.28933409790455544,1.0,1.0,35.10164523449319,0.020100542107917292,0.9722222222222222,0.9722222222222222,36,35,391.0278099646213,7.688146350287387,2053.5467874116407,0,50,0.0,5045,sensor_fault,8002,native_residual,"{'n': 6, 'duration_s': 3600, 'dt_s': 5.0, 'motion_dt_s': 1.0, 'decision_s': 60.0, 'warmup_s': 300, 'report_ttl_s': 30.0, 'telemetry_ttl_s': 40.0, 'command_timeout_s': 180.0, 'mission_radius_m': 2500.0, 'crossing_radius_m': 1800.0, 'required_lead_s': 60.0, 'grid_angles': 64, 'target_count': 36, 'priority_turns': 1.0, 'max_speed_mps': 3.0, 'battery_wh': 1800.0, 'radio_r50_calm_m': 3200, 'radar_r50_calm_m': 1650.0, 'camera_r50_calm_m': 650.0, 'radio_weather_slope': 1.05, 'radar_weather_slope': 1.4, 'wave_correlation_m': 350.0, 'wave_memory_s': 15.0, 'range_process_std': 0.004, 'availability_process_std': 0.008, 'sensor_model': 'logistic', 'full_blackout': False, 'information_weight': 0.035, 'movement_weight': 0.025, 'switch_threshold': 0.006, 'minimum_dwell_s': 120.0, 'evidence_memory_s': 90.0, 'habituation_memory_s': 480.0, 'habituation_gain': 2.0, 'planner_samples': 32, 'temporal_planner': True, 'transit_lookahead_s': 300.0}",24bfb8b9aac5b87f9f268595cf4462964bd3a01da9d8089f51ed740d780fee86,c4c448fb63670bed111c1fed2da3654ab92356bd18d91fdd116d0e15ea27c208,ef2b78e3b5977cd811d7,17.461811335999755,"[60, 0, 0, 0, 0, 0, 0, 0]",d303d8e5aa1a38d6afabfcc45dbd84e9aac82f219d411126965ab4bf2cb6e27e,5113616c5fa00215ac2ca5cfa63d5545c3ead1d5a52d320aad84b253498818e5,"[0, 0, 60, 0, 0, 0, 0, 0, 0]",native_comparison,0.7024571745848074
0.6897850479072113,0.782494957135653,0.38350195410993443,0.38359769114368186,0.025718608169440244,0.009329299041855773,0.0,0.22066565630283072,0.4089819763776966,0.8908219868885526,1.0,42.39216937720625,0.040303517397881995,0.9722222222222222,0.9722222222222222,36,35,386.4368084613894,7.460664590246939,1966.3271010456813,0,54,0.0,4949,sensor_fault,8003,native_residual,"{'n': 6, 'duration_s': 3600, 'dt_s': 5.0, 'motion_dt_s': 1.0, 'decision_s': 60.0, 'warmup_s': 300, 'report_ttl_s': 30.0, 'telemetry_ttl_s': 40.0, 'command_timeout_s': 180.0, 'mission_radius_m': 2500.0, 'crossing_radius_m': 1800.0, 'required_lead_s': 60.0, 'grid_angles': 64, 'target_count': 36, 'priority_turns': 1.0, 'max_speed_mps': 3.0, 'battery_wh': 1800.0, 'radio_r50_calm_m': 3200, 'radar_r50_calm_m': 1650.0, 'camera_r50_calm_m': 650.0, 'radio_weather_slope': 1.05, 'radar_weather_slope': 1.4, 'wave_correlation_m': 350.0, 'wave_memory_s': 15.0, 'range_process_std': 0.004, 'availability_process_std': 0.008, 'sensor_model': 'logistic', 'full_blackout': False, 'information_weight': 0.035, 'movement_weight': 0.025, 'switch_threshold': 0.006, 'minimum_dwell_s': 120.0, 'evidence_memory_s': 90.0, 'habituation_memory_s': 480.0, 'habituation_gain': 2.0, 'planner_samples': 32, 'temporal_planner': True, 'transit_lookahead_s': 300.0}",24bfb8b9aac5b87f9f268595cf4462964bd3a01da9d8089f51ed740d780fee86,3e421f145bf80714c43d7aa3cf6b2d56a8a444ed7b77c85e6d44c2b93f30b4ac,ee9038e50d304c45e1fc,14.700626701000147,"[60, 0, 0, 0, 0, 0, 0, 0]",d303d8e5aa1a38d6afabfcc45dbd84e9aac82f219d411126965ab4bf2cb6e27e,5113616c5fa00215ac2ca5cfa63d5545c3ead1d5a52d320aad84b253498818e5,"[0, 0, 60, 0, 0, 0, 0, 0, 0]",native_comparison,0.6736835142213201
0.7843623928391326,0.8201115733736762,0.43243349722642455,0.4319312753073625,0.2344931921331316,0.00151285930408472,0.0,0.18634194028859968,0.3568112667969889,0.9513363590519414,1.0,30.733973146747353,0.026065305093292992,0.9722222222222222,0.9722222222222222,36,35,391.7394198710374,7.922916250664722,1964.0749803608815,0,52,0.0,9589,sensor_fault,8004,native_residual,"{'n': 6, 'duration_s': 3600, 'dt_s': 5.0, 'motion_dt_s': 1.0, 'decision_s': 60.0, 'warmup_s': 300, 'report_ttl_s': 30.0, 'telemetry_ttl_s': 40.0, 'command_timeout_s': 180.0, 'mission_radius_m': 2500.0, 'crossing_radius_m': 1800.0, 'required_lead_s': 60.0, 'grid_angles': 64, 'target_count': 36, 'priority_turns': 1.0, 'max_speed_mps': 3.0, 'battery_wh': 1800.0, 'radio_r50_calm_m': 3200, 'radar_r50_calm_m': 1650.0, 'camera_r50_calm_m': 650.0, 'radio_weather_slope': 1.05, 'radar_weather_slope': 1.4, 'wave_correlation_m': 350.0, 'wave_memory_s': 15.0, 'range_process_std': 0.004, 'availability_process_std': 0.008, 'sensor_model': 'logistic', 'full_blackout': False, 'information_weight': 0.035, 'movement_weight': 0.025, 'switch_threshold': 0.006, 'minimum_dwell_s': 120.0, 'evidence_memory_s': 90.0, 'habituation_memory_s': 480.0, 'habituation_gain': 2.0, 'planner_samples': 32, 'temporal_planner': True, 'transit_lookahead_s': 300.0}",24bfb8b9aac5b87f9f268595cf4462964bd3a01da9d8089f51ed740d780fee86,b56cc8e16821ff883803c4e4adf646ee6d64982ad23f93185b4319929ebe5e23,080e3c0a70cb3f698a18,19.830083505999937,"[60, 0, 0, 0, 0, 0, 0, 0]",d303d8e5aa1a38d6afabfcc45dbd84e9aac82f219d411126965ab4bf2cb6e27e,5113616c5fa00215ac2ca5cfa63d5545c3ead1d5a52d320aad84b253498818e5,"[0, 0, 60, 0, 0, 0, 0, 0, 0]",native_comparison,0.7680399170111727
0.6879254916792739,0.7416162380231971,0.3783724155320221,0.37813918023444676,0.09228441754916793,0.007060010085728693,0.0,0.17278891705519284,0.39838976154869987,0.8986384266263238,1.0,46.44864157841654,0.04927824004034291,0.9714285714285714,0.9714285714285714,35,34,417.8287359181478,7.906504161672556,2011.7860560155907,0,50,0.0,7146,sensor_fault,8005,native_residual,"{'n': 6, 'duration_s': 3600, 'dt_s': 5.0, 'motion_dt_s': 1.0, 'decision_s': 60.0, 'warmup_s': 300, 'report_ttl_s': 30.0, 'telemetry_ttl_s': 40.0, 'command_timeout_s': 180.0, 'mission_radius_m': 2500.0, 'crossing_radius_m': 1800.0, 'required_lead_s': 60.0, 'grid_angles': 64, 'target_count': 36, 'priority_turns': 1.0, 'max_speed_mps': 3.0, 'battery_wh': 1800.0, 'radio_r50_calm_m': 3200, 'radar_r50_calm_m': 1650.0, 'camera_r50_calm_m': 650.0, 'radio_weather_slope': 1.05, 'radar_weather_slope': 1.4, 'wave_correlation_m': 350.0, 'wave_memory_s': 15.0, 'range_process_std': 0.004, 'availability_process_std': 0.008, 'sensor_model': 'logistic', 'full_blackout': False, 'information_weight': 0.035, 'movement_weight': 0.025, 'switch_threshold': 0.006, 'minimum_dwell_s': 120.0, 'evidence_memory_s': 90.0, 'habituation_memory_s': 480.0, 'habituation_gain': 2.0, 'planner_samples': 32, 'temporal_planner': True, 'transit_lookahead_s': 300.0}",24bfb8b9aac5b87f9f268595cf4462964bd3a01da9d8089f51ed740d780fee86,d6d91f5419bad500861f36b5c3c3c9fefab5fc17adcf5a127875c41bc57d1899,650ee67ef9d949395e28,18.81358920899993,"[60, 0, 0, 0, 0, 0, 0, 0]",d303d8e5aa1a38d6afabfcc45dbd84e9aac82f219d411126965ab4bf2cb6e27e,5113616c5fa00215ac2ca5cfa63d5545c3ead1d5a52d320aad84b253498818e5,"[0, 0, 2, 0, 0, 0, 0, 0, 58]",native_comparison,0.6705159610160177
0.328416540595058,0.5374669062027232,0.30238275340393345,0.30220723964469604,0.060514372163388806,0.4266263237518911,0.0746343923348462,0.11892458415268009,0.1973960966423905,1.0,1.0,131.20260495461423,0.2519619894099848,0.5555555555555556,0.8333333333333334,36,20,439.65714430106505,7.432525219692468,1780.2215493079336,0,35,0.0,4031,storm,8000,native_residual,"{'n': 6, 'duration_s': 3600, 'dt_s': 5.0, 'motion_dt_s': 1.0, 'decision_s': 60.0, 'warmup_s': 300, 'report_ttl_s': 30.0, 'telemetry_ttl_s': 40.0, 'command_timeout_s': 180.0, 'mission_radius_m': 2500.0, 'crossing_radius_m': 1800.0, 'required_lead_s': 60.0, 'grid_angles': 64, 'target_count': 36, 'priority_turns': 1.0, 'max_speed_mps': 3.0, 'battery_wh': 1800.0, 'radio_r50_calm_m': 3200, 'radar_r50_calm_m': 1650.0, 'camera_r50_calm_m': 650.0, 'radio_weather_slope': 1.05, 'radar_weather_slope': 1.4, 'wave_correlation_m': 350.0, 'wave_memory_s': 15.0, 'range_process_std': 0.004, 'availability_process_std': 0.008, 'sensor_model': 'logistic', 'full_blackout': False, 'information_weight': 0.035, 'movement_weight': 0.025, 'switch_threshold': 0.006, 'minimum_dwell_s': 120.0, 'evidence_memory_s': 90.0, 'habituation_memory_s': 480.0, 'habituation_gain': 2.0, 'planner_samples': 32, 'temporal_planner': True, 'transit_lookahead_s': 300.0}",24bfb8b9aac5b87f9f268595cf4462964bd3a01da9d8089f51ed740d780fee86,02ceb9d718529c41baa8d1669a730201ea6eeb0cc0924c621302cef864f6c38a,ccc66cb16e74d294b557,32.87248690699971,"[60, 0, 0, 0, 0, 0, 0, 0]",d303d8e5aa1a38d6afabfcc45dbd84e9aac82f219d411126965ab4bf2cb6e27e,5113616c5fa00215ac2ca5cfa63d5545c3ead1d5a52d320aad84b253498818e5,"[0, 0, 27, 0, 0, 0, 0, 0, 33]",native_comparison,0.31009749291584693
0.33016578416540593,0.5051610564800807,0.2836138426626324,0.28266734799081744,0.11346444780635401,0.4094805849722642,0.056732223903177004,0.04182788142496459,0.28776332406137123,1.0,1.0,137.39315431164903,0.2929746596066565,0.5277777777777778,0.6388888888888888,36,19,383.6034565594724,5.581383902988482,1851.6457420476045,0,33,0.0,4894,storm,8001,native_residual,"{'n': 6, 'duration_s': 3600, 'dt_s': 5.0, 'motion_dt_s': 1.0, 'decision_s': 60.0, 'warmup_s': 300, 'report_ttl_s': 30.0, 'telemetry_ttl_s': 40.0, 'command_timeout_s': 180.0, 'mission_radius_m': 2500.0, 'crossing_radius_m': 1800.0, 'required_lead_s': 60.0, 'grid_angles': 64, 'target_count': 36, 'priority_turns': 1.0, 'max_speed_mps': 3.0, 'battery_wh': 1800.0, 'radio_r50_calm_m': 3200, 'radar_r50_calm_m': 1650.0, 'camera_r50_calm_m': 650.0, 'radio_weather_slope': 1.05, 'radar_weather_slope': 1.4, 'wave_correlation_m': 350.0, 'wave_memory_s': 15.0, 'range_process_std': 0.004, 'availability_process_std': 0.008, 'sensor_model': 'logistic', 'full_blackout': False, 'information_weight': 0.035, 'movement_weight': 0.025, 'switch_threshold': 0.006, 'minimum_dwell_s': 120.0, 'evidence_memory_s': 90.0, 'habituation_memory_s': 480.0, 'habituation_gain': 2.0, 'planner_samples': 32, 'temporal_planner': True, 'transit_lookahead_s': 300.0}",24bfb8b9aac5b87f9f268595cf4462964bd3a01da9d8089f51ed740d780fee86,cb9eaacfdc05f3c91bddcf43367795276bc839dc8c72d58bfba218243df2947b,71fcdf8afed325461f74,25.74318744900029,"[60, 0, 0, 0, 0, 0, 0, 0]",d303d8e5aa1a38d6afabfcc45dbd84e9aac82f219d411126965ab4bf2cb6e27e,5113616c5fa00215ac2ca5cfa63d5545c3ead1d5a52d320aad84b253498818e5,"[0, 0, 60, 0, 0, 0, 0, 0, 0]",native_comparison,0.31418230680876125
0.3152656959152798,0.5583475163893091,0.31448562783661116,0.3151126340223424,0.07261724659606657,0.5057992939989914,0.14019162884518405,0.08921550143772744,0.28468098077502224,1.0,1.0,136.94879128845182,0.25336453605648007,0.4166666666666667,0.6666666666666666,36,15,376.7800806735143,4.13177721645327,1897.3862780692264,0,23,0.0,3589,storm,8002,native_residual,"{'n': 6, 'duration_s': 3600, 'dt_s': 5.0, 'motion_dt_s': 1.0, 'decision_s': 60.0, 'warmup_s': 300, 'report_ttl_s': 30.0, 'telemetry_ttl_s': 40.0, 'command_timeout_s': 180.0, 'mission_radius_m': 2500.0, 'crossing_radius_m': 1800.0, 'required_lead_s': 60.0, 'grid_angles': 64, 'target_count': 36, 'priority_turns': 1.0, 'max_speed_mps': 3.0, 'battery_wh': 1800.0, 'radio_r50_calm_m': 3200, 'radar_r50_calm_m': 1650.0, 'camera_r50_calm_m': 650.0, 'radio_weather_slope': 1.05, 'radar_weather_slope': 1.4, 'wave_correlation_m': 350.0, 'wave_memory_s': 15.0, 'range_process_std': 0.004, 'availability_process_std': 0.008, 'sensor_model': 'logistic', 'full_blackout': False, 'information_weight': 0.035, 'movement_weight': 0.025, 'switch_threshold': 0.006, 'minimum_dwell_s': 120.0, 'evidence_memory_s': 90.0, 'habituation_memory_s': 480.0, 'habituation_gain': 2.0, 'planner_samples': 32, 'temporal_planner': True, 'transit_lookahead_s': 300.0}",24bfb8b9aac5b87f9f268595cf4462964bd3a01da9d8089f51ed740d780fee86,c4c448fb63670bed111c1fed2da3654ab92356bd18d91fdd116d0e15ea27c208,582d3f632700f1d1f463,28.089604832000077,"[60, 0, 0, 0, 0, 0, 0, 0]",d303d8e5aa1a38d6afabfcc45dbd84e9aac82f219d411126965ab4bf2cb6e27e,5113616c5fa00215ac2ca5cfa63d5545c3ead1d5a52d320aad84b253498818e5,"[0, 0, 60, 0, 0, 0, 0, 0, 0]",native_comparison,0.2995665258872167
0.3071419566313666,0.510810640443772,0.27031328794755416,0.27037678504792667,0.07110438729198185,0.48436712052445785,0.1048915784165406,0.08451725612685618,0.3338543922994878,0.9805849722642462,1.0,140.07087588250124,0.27840550932929903,0.6111111111111112,0.7777777777777778,36,22,387.48124524292666,6.188092763536153,1792.991853062781,0,32,0.0,3881,storm,8003,native_residual,"{'n': 6, 'duration_s': 3600, 'dt_s': 5.0, 'motion_dt_s': 1.0, 'decision_s': 60.0, 'warmup_s': 300, 'report_ttl_s': 30.0, 'telemetry_ttl_s': 40.0, 'command_timeout_s': 180.0, 'mission_radius_m': 2500.0, 'crossing_radius_m': 1800.0, 'required_lead_s': 60.0, 'grid_angles': 64, 'target_count': 36, 'priority_turns': 1.0, 'max_speed_mps': 3.0, 'battery_wh': 1800.0, 'radio_r50_calm_m': 3200, 'radar_r50_calm_m': 1650.0, 'camera_r50_calm_m': 650.0, 'radio_weather_slope': 1.05, 'radar_weather_slope': 1.4, 'wave_correlation_m': 350.0, 'wave_memory_s': 15.0, 'range_process_std': 0.004, 'availability_process_std': 0.008, 'sensor_model': 'logistic', 'full_blackout': False, 'information_weight': 0.035, 'movement_weight': 0.025, 'switch_threshold': 0.006, 'minimum_dwell_s': 120.0, 'evidence_memory_s': 90.0, 'habituation_memory_s': 480.0, 'habituation_gain': 2.0, 'planner_samples': 32, 'temporal_planner': True, 'transit_lookahead_s': 300.0}",24bfb8b9aac5b87f9f268595cf4462964bd3a01da9d8089f51ed740d780fee86,3e421f145bf80714c43d7aa3cf6b2d56a8a444ed7b77c85e6d44c2b93f30b4ac,220536f1f8873d78291a,32.47059770600026,"[60, 0, 0, 0, 0, 0, 0, 0]",d303d8e5aa1a38d6afabfcc45dbd84e9aac82f219d411126965ab4bf2cb6e27e,5113616c5fa00215ac2ca5cfa63d5545c3ead1d5a52d320aad84b253498818e5,"[0, 0, 60, 0, 0, 0, 0, 0, 0]",native_comparison,0.2909969047462447
0.38738653555219366,0.5368601865859808,0.3039113716591023,0.30267258551930615,0.18608169440242056,0.2491174987392839,0.02445789208270297,0.08154015598104196,0.34165347571079285,1.0,1.0,119.14531328794754,0.2534984871406959,0.5555555555555556,0.6944444444444444,36,20,385.370002022213,6.161712093510608,1668.8229780885722,0,38,0.0,6493,storm,8004,native_residual,"{'n': 6, 'duration_s': 3600, 'dt_s': 5.0, 'motion_dt_s': 1.0, 'decision_s': 60.0, 'warmup_s': 300, 'report_ttl_s': 30.0, 'telemetry_ttl_s': 40.0, 'command_timeout_s': 180.0, 'mission_radius_m': 2500.0, 'crossing_radius_m': 1800.0, 'required_lead_s': 60.0, 'grid_angles': 64, 'target_count': 36, 'priority_turns': 1.0, 'max_speed_mps': 3.0, 'battery_wh': 1800.0, 'radio_r50_calm_m': 3200, 'radar_r50_calm_m': 1650.0, 'camera_r50_calm_m': 650.0, 'radio_weather_slope': 1.05, 'radar_weather_slope': 1.4, 'wave_correlation_m': 350.0, 'wave_memory_s': 15.0, 'range_process_std': 0.004, 'availability_process_std': 0.008, 'sensor_model': 'logistic', 'full_blackout': False, 'information_weight': 0.035, 'movement_weight': 0.025, 'switch_threshold': 0.006, 'minimum_dwell_s': 120.0, 'evidence_memory_s': 90.0, 'habituation_memory_s': 480.0, 'habituation_gain': 2.0, 'planner_samples': 32, 'temporal_planner': True, 'transit_lookahead_s': 300.0}",24bfb8b9aac5b87f9f268595cf4462964bd3a01da9d8089f51ed740d780fee86,b56cc8e16821ff883803c4e4adf646ee6d64982ad23f93185b4319929ebe5e23,42ec71a7f4cf0ac807a3,33.589472670000305,"[60, 0, 0, 0, 0, 0, 0, 0]",d303d8e5aa1a38d6afabfcc45dbd84e9aac82f219d411126965ab4bf2cb6e27e,5113616c5fa00215ac2ca5cfa63d5545c3ead1d5a52d320aad84b253498818e5,"[0, 0, 60, 0, 0, 0, 0, 0, 0]",native_comparison,0.37132945213460145
0.3428517397881997,0.4696482602118003,0.2562011472516389,0.2570492292638623,0.1361573373676248,0.27861825516893596,0.03756933938477055,0.05200834811749489,0.29465717288619997,1.0,1.0,141.42338785930406,0.3339558119011598,0.6857142857142857,0.7714285714285715,35,24,429.09386131993966,7.537051291396097,1477.592327499954,0,38,0.0,5420,storm,8005,native_residual,"{'n': 6, 'duration_s': 3600, 'dt_s': 5.0, 'motion_dt_s': 1.0, 'decision_s': 60.0, 'warmup_s': 300, 'report_ttl_s': 30.0, 'telemetry_ttl_s': 40.0, 'command_timeout_s': 180.0, 'mission_radius_m': 2500.0, 'crossing_radius_m': 1800.0, 'required_lead_s': 60.0, 'grid_angles': 64, 'target_count': 36, 'priority_turns': 1.0, 'max_speed_mps': 3.0, 'battery_wh': 1800.0, 'radio_r50_calm_m': 3200, 'radar_r50_calm_m': 1650.0, 'camera_r50_calm_m': 650.0, 'radio_weather_slope': 1.05, 'radar_weather_slope': 1.4, 'wave_correlation_m': 350.0, 'wave_memory_s': 15.0, 'range_process_std': 0.004, 'availability_process_std': 0.008, 'sensor_model': 'logistic', 'full_blackout': False, 'information_weight': 0.035, 'movement_weight': 0.025, 'switch_threshold': 0.006, 'minimum_dwell_s': 120.0, 'evidence_memory_s': 90.0, 'habituation_memory_s': 480.0, 'habituation_gain': 2.0, 'planner_samples': 32, 'temporal_planner': True, 'transit_lookahead_s': 300.0}",24bfb8b9aac5b87f9f268595cf4462964bd3a01da9d8089f51ed740d780fee86,d6d91f5419bad500861f36b5c3c3c9fefab5fc17adcf5a127875c41bc57d1899,32da2772394ea2038738,30.652270528999907,"[60, 0, 0, 0, 0, 0, 0, 0]",d303d8e5aa1a38d6afabfcc45dbd84e9aac82f219d411126965ab4bf2cb6e27e,5113616c5fa00215ac2ca5cfa63d5545c3ead1d5a52d320aad84b253498818e5,"[0, 0, 9, 1, 0, 0, 0, 0, 50]",native_comparison,0.3249728288998689
0.7042942166286649,0.8429661383922247,0.4918628051958386,0.4936183192370158,0.19818456883509833,0.09732728189611702,0.0,0.09471162105832744,0.19686039515659667,1.0,1.0,37.36543488389376,0.027141879338265187,0.9722222222222222,0.9722222222222222,36,35,501.24497209128447,12.640054631991061,1451.5086604599505,0,52,0.0,7230,moving_front,8000,constant_4,"{'n': 6, 'duration_s': 3600, 'dt_s': 5.0, 'motion_dt_s': 1.0, 'decision_s': 60.0, 'warmup_s': 300, 'report_ttl_s': 30.0, 'telemetry_ttl_s': 40.0, 'command_timeout_s': 180.0, 'mission_radius_m': 2500.0, 'crossing_radius_m': 1800.0, 'required_lead_s': 60.0, 'grid_angles': 64, 'target_count': 36, 'priority_turns': 1.0, 'max_speed_mps': 3.0, 'battery_wh': 1800.0, 'radio_r50_calm_m': 3200, 'radar_r50_calm_m': 1650.0, 'camera_r50_calm_m': 650.0, 'radio_weather_slope': 1.05, 'radar_weather_slope': 1.4, 'wave_correlation_m': 350.0, 'wave_memory_s': 15.0, 'range_process_std': 0.004, 'availability_process_std': 0.008, 'sensor_model': 'logistic', 'full_blackout': False, 'information_weight': 0.035, 'movement_weight': 0.025, 'switch_threshold': 0.006, 'minimum_dwell_s': 120.0, 'evidence_memory_s': 90.0, 'habituation_memory_s': 480.0, 'habituation_gain': 2.0, 'planner_samples': 32, 'temporal_planner': True, 'transit_lookahead_s': 300.0}",24bfb8b9aac5b87f9f268595cf4462964bd3a01da9d8089f51ed740d780fee86,f1dd4c7e3910298586fc78f0a7159516f51c76fae4e464372cda71e41a1729ef,0867a6a61b1d1d5d0edd,36.189093992999915,"[60, 0, 0, 0, 0, 0, 0, 0]",d303d8e5aa1a38d6afabfcc45dbd84e9aac82f219d411126965ab4bf2cb6e27e,5113616c5fa00215ac2ca5cfa63d5545c3ead1d5a52d320aad84b253498818e5,"[0, 0, 0, 0, 60, 0, 0, 0, 0]",native_comparison,0.6834090094581947
0.7303184016668068,0.8119040336302026,0.4799322994034103,0.4791257064498853,0.21936459909228442,0.037821482602118,0.0,0.12660951899454903,0.29820963393337807,1.0,1.0,41.79005403549421,0.055574548853146194,0.9722222222222222,1.0,36,35,497.20842060051564,12.874756015832562,1356.1157860480869,0,54,0.0,7923,moving_front,8001,constant_4,"{'n': 6, 'duration_s': 3600, 'dt_s': 5.0, 'motion_dt_s': 1.0, 'decision_s': 60.0, 'warmup_s': 300, 'report_ttl_s': 30.0, 'telemetry_ttl_s': 40.0, 'command_timeout_s': 180.0, 'mission_radius_m': 2500.0, 'crossing_radius_m': 1800.0, 'required_lead_s': 60.0, 'grid_angles': 64, 'target_count': 36, 'priority_turns': 1.0, 'max_speed_mps': 3.0, 'battery_wh': 1800.0, 'radio_r50_calm_m': 3200, 'radar_r50_calm_m': 1650.0, 'camera_r50_calm_m': 650.0, 'radio_weather_slope': 1.05, 'radar_weather_slope': 1.4, 'wave_correlation_m': 350.0, 'wave_memory_s': 15.0, 'range_process_std': 0.004, 'availability_process_std': 0.008, 'sensor_model': 'logistic', 'full_blackout': False, 'information_weight': 0.035, 'movement_weight': 0.025, 'switch_threshold': 0.006, 'minimum_dwell_s': 120.0, 'evidence_memory_s': 90.0, 'habituation_memory_s': 480.0, 'habituation_gain': 2.0, 'planner_samples': 32, 'temporal_planner': True, 'transit_lookahead_s': 300.0}",24bfb8b9aac5b87f9f268595cf4462964bd3a01da9d8089f51ed740d780fee86,fdae18d0c7ff6890708f1d410bcdd5c495777414f57737499952bfff982ffe9b,fcc65bff31f7ce8dc44f,32.45438928099975,"[60, 0, 0, 0, 0, 0, 0, 0]",d303d8e5aa1a38d6afabfcc45dbd84e9aac82f219d411126965ab4bf2cb6e27e,5113616c5fa00215ac2ca5cfa63d5545c3ead1d5a52d320aad84b253498818e5,"[0, 0, 0, 0, 60, 0, 0, 0, 0]",native_comparison,0.7096013841417853
0.7003298423107972,0.8293103659073482,0.4842505001009015,0.48306247732296786,0.19364599092284418,0.11472516389309127,0.0113464447806354,0.09933334873152444,0.2904614319672474,1.0,1.0,40.93591400202162,0.04083249322993194,0.9166666666666666,1.0,36,33,508.80107980456785,12.354068809239763,1705.058127801727,0,51,0.0,7021,moving_front,8002,constant_4,"{'n': 6, 'duration_s': 3600, 'dt_s': 5.0, 'motion_dt_s': 1.0, 'decision_s': 60.0, 'warmup_s': 300, 'report_ttl_s': 30.0, 'telemetry_ttl_s': 40.0, 'command_timeout_s': 180.0, 'mission_radius_m': 2500.0, 'crossing_radius_m': 1800.0, 'required_lead_s': 60.0, 'grid_angles': 64, 'target_count': 36, 'priority_turns': 1.0, 'max_speed_mps': 3.0, 'battery_wh': 1800.0, 'radio_r50_calm_m': 3200, 'radar_r50_calm_m': 1650.0, 'camera_r50_calm_m': 650.0, 'radio_weather_slope': 1.05, 'radar_weather_slope': 1.4, 'wave_correlation_m': 350.0, 'wave_memory_s': 15.0, 'range_process_std': 0.004, 'availability_process_std': 0.008, 'sensor_model': 'logistic', 'full_blackout': False, 'information_weight': 0.035, 'movement_weight': 0.025, 'switch_threshold': 0.006, 'minimum_dwell_s': 120.0, 'evidence_memory_s': 90.0, 'habituation_memory_s': 480.0, 'habituation_gain': 2.0, 'planner_samples': 32, 'temporal_planner': True, 'transit_lookahead_s': 300.0}",24bfb8b9aac5b87f9f268595cf4462964bd3a01da9d8089f51ed740d780fee86,e1fa49c4a6f63176da4ca23b738bfc660d358aa722a5220440d8f2469aa2ae33,b75d270b354d90977f37,34.81908737799995,"[60, 0, 0, 0, 0, 0, 0, 0]",d303d8e5aa1a38d6afabfcc45dbd84e9aac82f219d411126965ab4bf2cb6e27e,5113616c5fa00215ac2ca5cfa63d5545c3ead1d5a52d320aad84b253498818e5,"[0, 0, 0, 0, 60, 0, 0, 0, 0]",native_comparison,0.6791297973189402
0.6811215995016177,0.7959316714937862,0.45041881654837174,0.4510245202216792,0.1664145234493192,0.09102370146243066,0.0020171457387796266,0.10928729876002315,0.33070134057354705,1.0,1.0,47.02561038544914,0.05720863398367396,0.8333333333333334,0.9444444444444444,36,30,499.39067779110724,13.374214423402742,1430.020780108976,0,56,0.0,6455,moving_front,8003,constant_4,"{'n': 6, 'duration_s': 3600, 'dt_s': 5.0, 'motion_dt_s': 1.0, 'decision_s': 60.0, 'warmup_s': 300, 'report_ttl_s': 30.0, 'telemetry_ttl_s': 40.0, 'command_timeout_s': 180.0, 'mission_radius_m': 2500.0, 'crossing_radius_m': 1800.0, 'required_lead_s': 60.0, 'grid_angles': 64, 'target_count': 36, 'priority_turns': 1.0, 'max_speed_mps': 3.0, 'battery_wh': 1800.0, 'radio_r50_calm_m': 3200, 'radar_r50_calm_m': 1650.0, 'camera_r50_calm_m': 650.0, 'radio_weather_slope': 1.05, 'radar_weather_slope': 1.4, 'wave_correlation_m': 350.0, 'wave_memory_s': 15.0, 'range_process_std': 0.004, 'availability_process_std': 0.008, 'sensor_model': 'logistic', 'full_blackout': False, 'information_weight': 0.035, 'movement_weight': 0.025, 'switch_threshold': 0.006, 'minimum_dwell_s': 120.0, 'evidence_memory_s': 90.0, 'habituation_memory_s': 480.0, 'habituation_gain': 2.0, 'planner_samples': 32, 'temporal_planner': True, 'transit_lookahead_s': 300.0}",24bfb8b9aac5b87f9f268595cf4462964bd3a01da9d8089f51ed740d780fee86,1efea19aa8dee786af9e4d399b41822b8f25435036e59f057231ad3aaf66f3af,926645758251d482f300,33.41601076200004,"[60, 0, 0, 0, 0, 0, 0, 0]",d303d8e5aa1a38d6afabfcc45dbd84e9aac82f219d411126965ab4bf2cb6e27e,5113616c5fa00215ac2ca5cfa63d5545c3ead1d5a52d320aad84b253498818e5,"[0, 0, 0, 0, 60, 0, 0, 0, 0]",native_comparison,0.6603136545936549
0.7843251790085107,0.8218786297995002,0.49580377591888863,0.49629068047861946,0.3857791225416036,0.00529500756429652,0.0,0.09473194742590264,0.3467335011976839,1.0,1.0,35.263789979467404,0.044942220185920465,0.9722222222222222,1.0,36,35,508.61483697110066,13.001446834808077,1412.971823822902,0,52,0.0,10402,moving_front,8004,constant_4,"{'n': 6, 'duration_s': 3600, 'dt_s': 5.0, 'motion_dt_s': 1.0, 'decision_s': 60.0, 'warmup_s': 300, 'report_ttl_s': 30.0, 'telemetry_ttl_s': 40.0, 'command_timeout_s': 180.0, 'mission_radius_m': 2500.0, 'crossing_radius_m': 1800.0, 'required_lead_s': 60.0, 'grid_angles': 64, 'target_count': 36, 'priority_turns': 1.0, 'max_speed_mps': 3.0, 'battery_wh': 1800.0, 'radio_r50_calm_m': 3200, 'radar_r50_calm_m': 1650.0, 'camera_r50_calm_m': 650.0, 'radio_weather_slope': 1.05, 'radar_weather_slope': 1.4, 'wave_correlation_m': 350.0, 'wave_memory_s': 15.0, 'range_process_std': 0.004, 'availability_process_std': 0.008, 'sensor_model': 'logistic', 'full_blackout': False, 'information_weight': 0.035, 'movement_weight': 0.025, 'switch_threshold': 0.006, 'minimum_dwell_s': 120.0, 'evidence_memory_s': 90.0, 'habituation_memory_s': 480.0, 'habituation_gain': 2.0, 'planner_samples': 32, 'temporal_planner': True, 'transit_lookahead_s': 300.0}",24bfb8b9aac5b87f9f268595cf4462964bd3a01da9d8089f51ed740d780fee86,bd7a3926b01928a158631767ed9df65fc21987ed1be951b92a0a16df2421064c,a193b74944e22c96de09,36.156461605000004,"[60, 0, 0, 0, 0, 0, 0, 0]",d303d8e5aa1a38d6afabfcc45dbd84e9aac82f219d411126965ab4bf2cb6e27e,5113616c5fa00215ac2ca5cfa63d5545c3ead1d5a52d320aad84b253498818e5,"[0, 0, 0, 0, 60, 0, 0, 0, 0]",native_comparison,0.7631328941347149
0.7081760689401192,0.7773663517805482,0.44083191813876244,0.44136178522464375,0.2753403933434191,0.03277861825516894,0.0,0.0959908263321351,0.29797676070242946,1.0,1.0,47.70422305268352,0.07271817867319928,0.9142857142857143,0.9428571428571428,35,32,520.0495818432519,14.42380620812262,1436.2831889232423,0,58,0.0,8537,moving_front,8005,constant_4,"{'n': 6, 'duration_s': 3600, 'dt_s': 5.0, 'motion_dt_s': 1.0, 'decision_s': 60.0, 'warmup_s': 300, 'report_ttl_s': 30.0, 'telemetry_ttl_s': 40.0, 'command_timeout_s': 180.0, 'mission_radius_m': 2500.0, 'crossing_radius_m': 1800.0, 'required_lead_s': 60.0, 'grid_angles': 64, 'target_count': 36, 'priority_turns': 1.0, 'max_speed_mps': 3.0, 'battery_wh': 1800.0, 'radio_r50_calm_m': 3200, 'radar_r50_calm_m': 1650.0, 'camera_r50_calm_m': 650.0, 'radio_weather_slope': 1.05, 'radar_weather_slope': 1.4, 'wave_correlation_m': 350.0, 'wave_memory_s': 15.0, 'range_process_std': 0.004, 'availability_process_std': 0.008, 'sensor_model': 'logistic', 'full_blackout': False, 'information_weight': 0.035, 'movement_weight': 0.025, 'switch_threshold': 0.006, 'minimum_dwell_s': 120.0, 'evidence_memory_s': 90.0, 'habituation_memory_s': 480.0, 'habituation_gain': 2.0, 'planner_samples': 32, 'temporal_planner': True, 'transit_lookahead_s': 300.0}",24bfb8b9aac5b87f9f268595cf4462964bd3a01da9d8089f51ed740d780fee86,0815bb7b190b7e25c4f807c0c9e95d4b91eb8bba5b868a962a40622b29fd3eea,402c9e289858a936e443,34.426320354999916,"[60, 0, 0, 0, 0, 0, 0, 0]",d303d8e5aa1a38d6afabfcc45dbd84e9aac82f219d411126965ab4bf2cb6e27e,5113616c5fa00215ac2ca5cfa63d5545c3ead1d5a52d320aad84b253498818e5,"[0, 0, 0, 0, 60, 0, 0, 0, 0]",native_comparison,0.6865073363633171
0.7383383761976803,0.8373676248108924,0.43645990922844174,0.4357492194697155,0.028744326777609682,0.0226928895612708,0.0,0.1846956384227473,0.3489201116985431,0.9634392334846191,1.0,31.53527641200201,0.014545511850731217,0.9444444444444444,0.9444444444444444,36,34,432.32862063246074,8.86945260075842,1851.459007003389,0,46,0.0,5689,sensor_fault,8000,constant_4,"{'n': 6, 'duration_s': 3600, 'dt_s': 5.0, 'motion_dt_s': 1.0, 'decision_s': 60.0, 'warmup_s': 300, 'report_ttl_s': 30.0, 'telemetry_ttl_s': 40.0, 'command_timeout_s': 180.0, 'mission_radius_m': 2500.0, 'crossing_radius_m': 1800.0, 'required_lead_s': 60.0, 'grid_angles': 64, 'target_count': 36, 'priority_turns': 1.0, 'max_speed_mps': 3.0, 'battery_wh': 1800.0, 'radio_r50_calm_m': 3200, 'radar_r50_calm_m': 1650.0, 'camera_r50_calm_m': 650.0, 'radio_weather_slope': 1.05, 'radar_weather_slope': 1.4, 'wave_correlation_m': 350.0, 'wave_memory_s': 15.0, 'range_process_std': 0.004, 'availability_process_std': 0.008, 'sensor_model': 'logistic', 'full_blackout': False, 'information_weight': 0.035, 'movement_weight': 0.025, 'switch_threshold': 0.006, 'minimum_dwell_s': 120.0, 'evidence_memory_s': 90.0, 'habituation_memory_s': 480.0, 'habituation_gain': 2.0, 'planner_samples': 32, 'temporal_planner': True, 'transit_lookahead_s': 300.0}",24bfb8b9aac5b87f9f268595cf4462964bd3a01da9d8089f51ed740d780fee86,02ceb9d718529c41baa8d1669a730201ea6eeb0cc0924c621302cef864f6c38a,53d2786c1a4df895c0f0,35.984525788000155,"[60, 0, 0, 0, 0, 0, 0, 0]",d303d8e5aa1a38d6afabfcc45dbd84e9aac82f219d411126965ab4bf2cb6e27e,5113616c5fa00215ac2ca5cfa63d5545c3ead1d5a52d320aad84b253498818e5,"[0, 0, 0, 0, 60, 0, 0, 0, 0]",native_comparison,0.7203246836713277
0.7166934568835097,0.7769162884518406,0.3967946293494705,0.3960163524880214,0.046898638426626324,0.0037821482602117995,0.0,0.17549700164738838,0.44922487012564516,1.0,1.0,39.74289271306102,0.03392902168431668,0.9444444444444444,0.9444444444444444,36,34,438.462439466065,9.837323092635199,1928.6466440769848,0,57,0.0,6695,sensor_fault,8001,constant_4,"{'n': 6, 'duration_s': 3600, 'dt_s': 5.0, 'motion_dt_s': 1.0, 'decision_s': 60.0, 'warmup_s': 300, 'report_ttl_s': 30.0, 'telemetry_ttl_s': 40.0, 'command_timeout_s': 180.0, 'mission_radius_m': 2500.0, 'crossing_radius_m': 1800.0, 'required_lead_s': 60.0, 'grid_angles': 64, 'target_count': 36, 'priority_turns': 1.0, 'max_speed_mps': 3.0, 'battery_wh': 1800.0, 'radio_r50_calm_m': 3200, 'radar_r50_calm_m': 1650.0, 'camera_r50_calm_m': 650.0, 'radio_weather_slope': 1.05, 'radar_weather_slope': 1.4, 'wave_correlation_m': 350.0, 'wave_memory_s': 15.0, 'range_process_std': 0.004, 'availability_process_std': 0.008, 'sensor_model': 'logistic', 'full_blackout': False, 'information_weight': 0.035, 'movement_weight': 0.025, 'switch_threshold': 0.006, 'minimum_dwell_s': 120.0, 'evidence_memory_s': 90.0, 'habituation_memory_s': 480.0, 'habituation_gain': 2.0, 'planner_samples': 32, 'temporal_planner': True, 'transit_lookahead_s': 300.0}",24bfb8b9aac5b87f9f268595cf4462964bd3a01da9d8089f51ed740d780fee86,cb9eaacfdc05f3c91bddcf43367795276bc839dc8c72d58bfba218243df2947b,358ec520aee1f1d362f7,28.09709454499989,"[60, 0, 0, 0, 0, 0, 0, 0]",d303d8e5aa1a38d6afabfcc45dbd84e9aac82f219d411126965ab4bf2cb6e27e,5113616c5fa00215ac2ca5cfa63d5545c3ead1d5a52d320aad84b253498818e5,"[0, 0, 0, 0, 60, 0, 0, 0, 0]",native_comparison,0.6984241885724237
0.721822995461422,0.811420511850731,0.42178832576903685,0.42248487648312905,0.019667170953101363,0.016893595562279373,0.0,0.18270201470751044,0.289703196498184,1.0,1.0,35.28523701462431,0.02064422592032274,0.9444444444444444,0.9444444444444444,36,34,453.608559772587,10.689164177458483,2002.1476136844544,0,52,0.0,5134,sensor_fault,8002,constant_4,"{'n': 6, 'duration_s': 3600, 'dt_s': 5.0, 'motion_dt_s': 1.0, 'decision_s': 60.0, 'warmup_s': 300, 'report_ttl_s': 30.0, 'telemetry_ttl_s': 40.0, 'command_timeout_s': 180.0, 'mission_radius_m': 2500.0, 'crossing_radius_m': 1800.0, 'required_lead_s': 60.0, 'grid_angles': 64, 'target_count': 36, 'priority_turns': 1.0, 'max_speed_mps': 3.0, 'battery_wh': 1800.0, 'radio_r50_calm_m': 3200, 'radar_r50_calm_m': 1650.0, 'camera_r50_calm_m': 650.0, 'radio_weather_slope': 1.05, 'radar_weather_slope': 1.4, 'wave_correlation_m': 350.0, 'wave_memory_s': 15.0, 'range_process_std': 0.004, 'availability_process_std': 0.008, 'sensor_model': 'logistic', 'full_blackout': False, 'information_weight': 0.035, 'movement_weight': 0.025, 'switch_threshold': 0.006, 'minimum_dwell_s': 120.0, 'evidence_memory_s': 90.0, 'habituation_memory_s': 480.0, 'habituation_gain': 2.0, 'planner_samples': 32, 'temporal_planner': True, 'transit_lookahead_s': 300.0}",24bfb8b9aac5b87f9f268595cf4462964bd3a01da9d8089f51ed740d780fee86,c4c448fb63670bed111c1fed2da3654ab92356bd18d91fdd116d0e15ea27c208,ef2b78e3b5977cd811d7,17.33394265800007,"[60, 0, 0, 0, 0, 0, 0, 0]",d303d8e5aa1a38d6afabfcc45dbd84e9aac82f219d411126965ab4bf2cb6e27e,5113616c5fa00215ac2ca5cfa63d5545c3ead1d5a52d320aad84b253498818e5,"[0, 0, 0, 0, 60, 0, 0, 0, 0]",native_comparison,0.7029226388042309
0.6902735753908219,0.7782636787695411,0.3789948940998487,0.3792845287313282,0.02723146747352496,0.007060010085728693,0.0,0.22032594966042082,0.408902541962476,0.8908219868885526,1.0,42.08825800554715,0.03906643973777105,0.9722222222222222,0.9722222222222222,36,35,435.3372131821722,10.02520558272061,1959.9549261656696,0,53,0.0,5116,sensor_fault,8003,constant_4,"{'n': 6, 'duration_s': 3600, 'dt_s': 5.0, 'motion_dt_s': 1.0, 'decision_s': 60.0, 'warmup_s': 300, 'report_ttl_s': 30.0, 'telemetry_ttl_s': 40.0, 'command_timeout_s': 180.0, 'mission_radius_m': 2500.0, 'crossing_radius_m': 1800.0, 'required_lead_s': 60.0, 'grid_angles': 64, 'target_count': 36, 'priority_turns': 1.0, 'max_speed_mps': 3.0, 'battery_wh': 1800.0, 'radio_r50_calm_m': 3200, 'radar_r50_calm_m': 1650.0, 'camera_r50_calm_m': 650.0, 'radio_weather_slope': 1.05, 'radar_weather_slope': 1.4, 'wave_correlation_m': 350.0, 'wave_memory_s': 15.0, 'range_process_std': 0.004, 'availability_process_std': 0.008, 'sensor_model': 'logistic', 'full_blackout': False, 'information_weight': 0.035, 'movement_weight': 0.025, 'switch_threshold': 0.006, 'minimum_dwell_s': 120.0, 'evidence_memory_s': 90.0, 'habituation_memory_s': 480.0, 'habituation_gain': 2.0, 'planner_samples': 32, 'temporal_planner': True, 'transit_lookahead_s': 300.0}",24bfb8b9aac5b87f9f268595cf4462964bd3a01da9d8089f51ed740d780fee86,3e421f145bf80714c43d7aa3cf6b2d56a8a444ed7b77c85e6d44c2b93f30b4ac,ee9038e50d304c45e1fc,15.198790689999896,"[60, 0, 0, 0, 0, 0, 0, 0]",d303d8e5aa1a38d6afabfcc45dbd84e9aac82f219d411126965ab4bf2cb6e27e,5113616c5fa00215ac2ca5cfa63d5545c3ead1d5a52d320aad84b253498818e5,"[0, 0, 0, 0, 60, 0, 0, 0, 0]",native_comparison,0.6721345248415648
0.7837635526979323,0.8202691628845183,0.42973871659102364,0.4294390658051593,0.25718608169440244,0.0025214321734745334,0.0,0.1750691696652785,0.3562744738313125,1.0,1.0,30.891168683812406,0.02719207009581442,0.9722222222222222,0.9722222222222222,36,35,474.33616301850805,11.721636341121444,1928.9243797920067,0,55,0.0,9918,sensor_fault,8004,constant_4,"{'n': 6, 'duration_s': 3600, 'dt_s': 5.0, 'motion_dt_s': 1.0, 'decision_s': 60.0, 'warmup_s': 300, 'report_ttl_s': 30.0, 'telemetry_ttl_s': 40.0, 'command_timeout_s': 180.0, 'mission_radius_m': 2500.0, 'crossing_radius_m': 1800.0, 'required_lead_s': 60.0, 'grid_angles': 64, 'target_count': 36, 'priority_turns': 1.0, 'max_speed_mps': 3.0, 'battery_wh': 1800.0, 'radio_r50_calm_m': 3200, 'radar_r50_calm_m': 1650.0, 'camera_r50_calm_m': 650.0, 'radio_weather_slope': 1.05, 'radar_weather_slope': 1.4, 'wave_correlation_m': 350.0, 'wave_memory_s': 15.0, 'range_process_std': 0.004, 'availability_process_std': 0.008, 'sensor_model': 'logistic', 'full_blackout': False, 'information_weight': 0.035, 'movement_weight': 0.025, 'switch_threshold': 0.006, 'minimum_dwell_s': 120.0, 'evidence_memory_s': 90.0, 'habituation_memory_s': 480.0, 'habituation_gain': 2.0, 'planner_samples': 32, 'temporal_planner': True, 'transit_lookahead_s': 300.0}",24bfb8b9aac5b87f9f268595cf4462964bd3a01da9d8089f51ed740d780fee86,b56cc8e16821ff883803c4e4adf646ee6d64982ad23f93185b4319929ebe5e23,080e3c0a70cb3f698a18,12.965643981000085,"[60, 0, 0, 0, 0, 0, 0, 0]",d303d8e5aa1a38d6afabfcc45dbd84e9aac82f219d411126965ab4bf2cb6e27e,5113616c5fa00215ac2ca5cfa63d5545c3ead1d5a52d320aad84b253498818e5,"[0, 0, 0, 0, 60, 0, 0, 0, 0]",native_comparison,0.7639995459054945
0.6875787947554209,0.7395281770045384,0.37532305849722636,0.37513866088819037,0.10136157337367625,0.007060010085728693,0.0,0.17401110492556576,0.3985881014038503,0.8978819969742814,1.0,47.05532179778113,0.05139781896116994,0.9714285714285714,0.9714285714285714,35,34,436.61442422041125,9.386005845270349,1935.6809188574973,0,50,0.0,7205,sensor_fault,8005,constant_4,"{'n': 6, 'duration_s': 3600, 'dt_s': 5.0, 'motion_dt_s': 1.0, 'decision_s': 60.0, 'warmup_s': 300, 'report_ttl_s': 30.0, 'telemetry_ttl_s': 40.0, 'command_timeout_s': 180.0, 'mission_radius_m': 2500.0, 'crossing_radius_m': 1800.0, 'required_lead_s': 60.0, 'grid_angles': 64, 'target_count': 36, 'priority_turns': 1.0, 'max_speed_mps': 3.0, 'battery_wh': 1800.0, 'radio_r50_calm_m': 3200, 'radar_r50_calm_m': 1650.0, 'camera_r50_calm_m': 650.0, 'radio_weather_slope': 1.05, 'radar_weather_slope': 1.4, 'wave_correlation_m': 350.0, 'wave_memory_s': 15.0, 'range_process_std': 0.004, 'availability_process_std': 0.008, 'sensor_model': 'logistic', 'full_blackout': False, 'information_weight': 0.035, 'movement_weight': 0.025, 'switch_threshold': 0.006, 'minimum_dwell_s': 120.0, 'evidence_memory_s': 90.0, 'habituation_memory_s': 480.0, 'habituation_gain': 2.0, 'planner_samples': 32, 'temporal_planner': True, 'transit_lookahead_s': 300.0}",24bfb8b9aac5b87f9f268595cf4462964bd3a01da9d8089f51ed740d780fee86,d6d91f5419bad500861f36b5c3c3c9fefab5fc17adcf5a127875c41bc57d1899,650ee67ef9d949395e28,11.855975782999849,"[60, 0, 0, 0, 0, 0, 0, 0]",d303d8e5aa1a38d6afabfcc45dbd84e9aac82f219d411126965ab4bf2cb6e27e,5113616c5fa00215ac2ca5cfa63d5545c3ead1d5a52d320aad84b253498818e5,"[0, 0, 0, 0, 60, 0, 0, 0, 0]",native_comparison,0.6693865270795705
0.33478315683308124,0.5277278744326777,0.29834058245083206,0.2979143720783075,0.06656580937972768,0.37115481593545135,0.053454362077660106,0.11426340429423347,0.1917429019561991,1.0,1.0,132.364709404942,0.2642066944024205,0.5277777777777778,0.8055555555555556,36,19,441.3423001111871,8.85281833582553,1333.1851223342007,0,37,0.0,4240,storm,8000,constant_4,"{'n': 6, 'duration_s': 3600, 'dt_s': 5.0, 'motion_dt_s': 1.0, 'decision_s': 60.0, 'warmup_s': 300, 'report_ttl_s': 30.0, 'telemetry_ttl_s': 40.0, 'command_timeout_s': 180.0, 'mission_radius_m': 2500.0, 'crossing_radius_m': 1800.0, 'required_lead_s': 60.0, 'grid_angles': 64, 'target_count': 36, 'priority_turns': 1.0, 'max_speed_mps': 3.0, 'battery_wh': 1800.0, 'radio_r50_calm_m': 3200, 'radar_r50_calm_m': 1650.0, 'camera_r50_calm_m': 650.0, 'radio_weather_slope': 1.05, 'radar_weather_slope': 1.4, 'wave_correlation_m': 350.0, 'wave_memory_s': 15.0, 'range_process_std': 0.004, 'availability_process_std': 0.008, 'sensor_model': 'logistic', 'full_blackout': False, 'information_weight': 0.035, 'movement_weight': 0.025, 'switch_threshold': 0.006, 'minimum_dwell_s': 120.0, 'evidence_memory_s': 90.0, 'habituation_memory_s': 480.0, 'habituation_gain': 2.0, 'planner_samples': 32, 'temporal_planner': True, 'transit_lookahead_s': 300.0}",24bfb8b9aac5b87f9f268595cf4462964bd3a01da9d8089f51ed740d780fee86,02ceb9d718529c41baa8d1669a730201ea6eeb0cc0924c621302cef864f6c38a,ccc66cb16e74d294b557,32.20993636000003,"[60, 0, 0, 0, 0, 0, 0, 0]",d303d8e5aa1a38d6afabfcc45dbd84e9aac82f219d411126965ab4bf2cb6e27e,5113616c5fa00215ac2ca5cfa63d5545c3ead1d5a52d320aad84b253498818e5,"[0, 0, 0, 0, 60, 0, 0, 0, 0]",native_comparison,0.31639389432844844
0.3338454992435703,0.4916004790721129,0.27630956883509833,0.27556010666443614,0.1059001512859304,0.373171961674231,0.03832576903681291,0.04511954746125918,0.28811595029575593,1.0,1.0,137.70419660867375,0.3007910993444276,0.5833333333333334,0.6388888888888888,36,21,454.8109854181973,9.627262463788886,1340.9845712609615,0,43,0.0,4976,storm,8001,constant_4,"{'n': 6, 'duration_s': 3600, 'dt_s': 5.0, 'motion_dt_s': 1.0, 'decision_s': 60.0, 'warmup_s': 300, 'report_ttl_s': 30.0, 'telemetry_ttl_s': 40.0, 'command_timeout_s': 180.0, 'mission_radius_m': 2500.0, 'crossing_radius_m': 1800.0, 'required_lead_s': 60.0, 'grid_angles': 64, 'target_count': 36, 'priority_turns': 1.0, 'max_speed_mps': 3.0, 'battery_wh': 1800.0, 'radio_r50_calm_m': 3200, 'radar_r50_calm_m': 1650.0, 'camera_r50_calm_m': 650.0, 'radio_weather_slope': 1.05, 'radar_weather_slope': 1.4, 'wave_correlation_m': 350.0, 'wave_memory_s': 15.0, 'range_process_std': 0.004, 'availability_process_std': 0.008, 'sensor_model': 'logistic', 'full_blackout': False, 'information_weight': 0.035, 'movement_weight': 0.025, 'switch_threshold': 0.006, 'minimum_dwell_s': 120.0, 'evidence_memory_s': 90.0, 'habituation_memory_s': 480.0, 'habituation_gain': 2.0, 'planner_samples': 32, 'temporal_planner': True, 'transit_lookahead_s': 300.0}",24bfb8b9aac5b87f9f268595cf4462964bd3a01da9d8089f51ed740d780fee86,cb9eaacfdc05f3c91bddcf43367795276bc839dc8c72d58bfba218243df2947b,71fcdf8afed325461f74,28.50586593600019,"[60, 0, 0, 0, 0, 0, 0, 0]",d303d8e5aa1a38d6afabfcc45dbd84e9aac82f219d411126965ab4bf2cb6e27e,5113616c5fa00215ac2ca5cfa63d5545c3ead1d5a52d320aad84b253498818e5,"[0, 0, 0, 0, 60, 0, 0, 0, 0]",native_comparison,0.3148950415178121
0.3262812027231467,0.5264986762481089,0.29801752395360565,0.2987852935991597,0.08925869894099848,0.41603630862329805,0.07337367624810892,0.08022470376827555,0.28575755570703604,1.0,1.0,133.85105427382754,0.2683906959152799,0.5,0.6666666666666666,36,18,453.6558258186629,8.591597626674691,1498.6979084229843,0,31,0.0,4084,storm,8002,constant_4,"{'n': 6, 'duration_s': 3600, 'dt_s': 5.0, 'motion_dt_s': 1.0, 'decision_s': 60.0, 'warmup_s': 300, 'report_ttl_s': 30.0, 'telemetry_ttl_s': 40.0, 'command_timeout_s': 180.0, 'mission_radius_m': 2500.0, 'crossing_radius_m': 1800.0, 'required_lead_s': 60.0, 'grid_angles': 64, 'target_count': 36, 'priority_turns': 1.0, 'max_speed_mps': 3.0, 'battery_wh': 1800.0, 'radio_r50_calm_m': 3200, 'radar_r50_calm_m': 1650.0, 'camera_r50_calm_m': 650.0, 'radio_weather_slope': 1.05, 'radar_weather_slope': 1.4, 'wave_correlation_m': 350.0, 'wave_memory_s': 15.0, 'range_process_std': 0.004, 'availability_process_std': 0.008, 'sensor_model': 'logistic', 'full_blackout': False, 'information_weight': 0.035, 'movement_weight': 0.025, 'switch_threshold': 0.006, 'minimum_dwell_s': 120.0, 'evidence_memory_s': 90.0, 'habituation_memory_s': 480.0, 'habituation_gain': 2.0, 'planner_samples': 32, 'temporal_planner': True, 'transit_lookahead_s': 300.0}",24bfb8b9aac5b87f9f268595cf4462964bd3a01da9d8089f51ed740d780fee86,c4c448fb63670bed111c1fed2da3654ab92356bd18d91fdd116d0e15ea27c208,582d3f632700f1d1f463,33.79472622000003,"[60, 0, 0, 0, 0, 0, 0, 0]",d303d8e5aa1a38d6afabfcc45dbd84e9aac82f219d411126965ab4bf2cb6e27e,5113616c5fa00215ac2ca5cfa63d5545c3ead1d5a52d320aad84b253498818e5,"[0, 0, 0, 0, 60, 0, 0, 0, 0]",native_comparison,0.30737887664736907
0.31361100605143716,0.5034354513363589,0.26768942259203227,0.2681527182845592,0.08018154311649017,0.4619263741805345,0.10237014624306606,0.07801470210219379,0.33321545557582916,0.9805849722642462,1.0,139.1444071482602,0.28019415027735756,0.5833333333333334,0.7777777777777778,36,21,434.9640426635301,8.552602084344295,1598.059097344684,0,37,0.0,4155,storm,8003,constant_4,"{'n': 6, 'duration_s': 3600, 'dt_s': 5.0, 'motion_dt_s': 1.0, 'decision_s': 60.0, 'warmup_s': 300, 'report_ttl_s': 30.0, 'telemetry_ttl_s': 40.0, 'command_timeout_s': 180.0, 'mission_radius_m': 2500.0, 'crossing_radius_m': 1800.0, 'required_lead_s': 60.0, 'grid_angles': 64, 'target_count': 36, 'priority_turns': 1.0, 'max_speed_mps': 3.0, 'battery_wh': 1800.0, 'radio_r50_calm_m': 3200, 'radar_r50_calm_m': 1650.0, 'camera_r50_calm_m': 650.0, 'radio_weather_slope': 1.05, 'radar_weather_slope': 1.4, 'wave_correlation_m': 350.0, 'wave_memory_s': 15.0, 'range_process_std': 0.004, 'availability_process_std': 0.008, 'sensor_model': 'logistic', 'full_blackout': False, 'information_weight': 0.035, 'movement_weight': 0.025, 'switch_threshold': 0.006, 'minimum_dwell_s': 120.0, 'evidence_memory_s': 90.0, 'habituation_memory_s': 480.0, 'habituation_gain': 2.0, 'planner_samples': 32, 'temporal_planner': True, 'transit_lookahead_s': 300.0}",24bfb8b9aac5b87f9f268595cf4462964bd3a01da9d8089f51ed740d780fee86,3e421f145bf80714c43d7aa3cf6b2d56a8a444ed7b77c85e6d44c2b93f30b4ac,220536f1f8873d78291a,30.53239131700002,"[60, 0, 0, 0, 0, 0, 0, 0]",d303d8e5aa1a38d6afabfcc45dbd84e9aac82f219d411126965ab4bf2cb6e27e,5113616c5fa00215ac2ca5cfa63d5545c3ead1d5a52d320aad84b253498818e5,"[0, 0, 0, 0, 60, 0, 0, 0, 0]",native_comparison,0.29548750427379006
0.39941061522945037,0.5200532652546647,0.2970089510842158,0.2956024176501963,0.18910741301059,0.1875945537065053,0.012859304084720122,0.08346767849506583,0.341711978823089,1.0,1.0,122.06958364851234,0.2745682047402925,0.5277777777777778,0.5833333333333334,36,19,447.9876448867952,9.776132925455864,1441.1897997627625,0,43,0.0,6920,storm,8004,constant_4,"{'n': 6, 'duration_s': 3600, 'dt_s': 5.0, 'motion_dt_s': 1.0, 'decision_s': 60.0, 'warmup_s': 300, 'report_ttl_s': 30.0, 'telemetry_ttl_s': 40.0, 'command_timeout_s': 180.0, 'mission_radius_m': 2500.0, 'crossing_radius_m': 1800.0, 'required_lead_s': 60.0, 'grid_angles': 64, 'target_count': 36, 'priority_turns': 1.0, 'max_speed_mps': 3.0, 'battery_wh': 1800.0, 'radio_r50_calm_m': 3200, 'radar_r50_calm_m': 1650.0, 'camera_r50_calm_m': 650.0, 'radio_weather_slope': 1.05, 'radar_weather_slope': 1.4, 'wave_correlation_m': 350.0, 'wave_memory_s': 15.0, 'range_process_std': 0.004, 'availability_process_std': 0.008, 'sensor_model': 'logistic', 'full_blackout': False, 'information_weight': 0.035, 'movement_weight': 0.025, 'switch_threshold': 0.006, 'minimum_dwell_s': 120.0, 'evidence_memory_s': 90.0, 'habituation_memory_s': 480.0, 'habituation_gain': 2.0, 'planner_samples': 32, 'temporal_planner': True, 'transit_lookahead_s': 300.0}",24bfb8b9aac5b87f9f268595cf4462964bd3a01da9d8089f51ed740d780fee86,b56cc8e16821ff883803c4e4adf646ee6d64982ad23f93185b4319929ebe5e23,42ec71a7f4cf0ac807a3,33.055929981999725,"[60, 0, 0, 0, 0, 0, 0, 0]",d303d8e5aa1a38d6afabfcc45dbd84e9aac82f219d411126965ab4bf2cb6e27e,5113616c5fa00215ac2ca5cfa63d5545c3ead1d5a52d320aad84b253498818e5,"[0, 0, 0, 0, 60, 0, 0, 0, 0]",native_comparison,0.38074446335916723
0.34427792486132114,0.4665516263237519,0.2563587367624811,0.25711759427350755,0.1422087745839637,0.2690368129097327,0.032274331820474025,0.05459991484741002,0.29507593223037015,1.0,1.0,141.8982444528492,0.33498802319717597,0.6571428571428571,0.7714285714285715,35,23,443.76306439060716,9.386849739906436,1458.7102771149039,0,37,0.0,5542,storm,8005,constant_4,"{'n': 6, 'duration_s': 3600, 'dt_s': 5.0, 'motion_dt_s': 1.0, 'decision_s': 60.0, 'warmup_s': 300, 'report_ttl_s': 30.0, 'telemetry_ttl_s': 40.0, 'command_timeout_s': 180.0, 'mission_radius_m': 2500.0, 'crossing_radius_m': 1800.0, 'required_lead_s': 60.0, 'grid_angles': 64, 'target_count': 36, 'priority_turns': 1.0, 'max_speed_mps': 3.0, 'battery_wh': 1800.0, 'radio_r50_calm_m': 3200, 'radar_r50_calm_m': 1650.0, 'camera_r50_calm_m': 650.0, 'radio_weather_slope': 1.05, 'radar_weather_slope': 1.4, 'wave_correlation_m': 350.0, 'wave_memory_s': 15.0, 'range_process_std': 0.004, 'availability_process_std': 0.008, 'sensor_model': 'logistic', 'full_blackout': False, 'information_weight': 0.035, 'movement_weight': 0.025, 'switch_threshold': 0.006, 'minimum_dwell_s': 120.0, 'evidence_memory_s': 90.0, 'habituation_memory_s': 480.0, 'habituation_gain': 2.0, 'planner_samples': 32, 'temporal_planner': True, 'transit_lookahead_s': 300.0}",24bfb8b9aac5b87f9f268595cf4462964bd3a01da9d8089f51ed740d780fee86,d6d91f5419bad500861f36b5c3c3c9fefab5fc17adcf5a127875c41bc57d1899,32da2772394ea2038738,31.29212931000029,"[60, 0, 0, 0, 0, 0, 0, 0]",d303d8e5aa1a38d6afabfcc45dbd84e9aac82f219d411126965ab4bf2cb6e27e,5113616c5fa00215ac2ca5cfa63d5545c3ead1d5a52d320aad84b253498818e5,"[0, 0, 0, 0, 60, 0, 0, 0, 0]",native_comparison,0.3257877971783792
