condition,a,b,delivered_n,delivered_difference,delivered_ci_low,delivered_ci_high,delivered_p_sign,energy_wh_n,energy_wh_difference,energy_wh_ci_low,energy_wh_ci_high,energy_wh_p_sign
Energy penalty,economic,economic_no_cost,10,-0.0047723248990977464,-0.00692071420087553,-0.0028256914220970114,0.00199990000499975,10,-49.52695171224049,-59.24340165952727,-39.6175118271993,0.00199990000499975
Hydraulic fusion family,fungal,fungal_no_fusion,10,0.010452274647009641,0.008168040188648683,0.013092129414716784,0.00199990000499975,10,-0.9524330540584913,-9.032268466252932,7.2262593267450255,0.831908404579771
Social recruitment,recruitment,recruitment_no_social,10,-0.0005930579459704155,-0.001880755852378321,0.0008588809811218254,0.4438778061096945,10,-1.893087964932522,-4.970719554059395,1.2259941419694595,0.2842357882105895
Changed sensing/correlation,economic,static_tuned,8,0.007967040750749887,0.004073956016847541,0.011483887446476621,0.01544922753862307,8,28.40424177881294,22.044065666399252,34.554472021384726,0.007499625018749062
Changed sensing/correlation,fungal,economic,8,0.0004648546033784451,-0.0005989797771751154,0.0016010891140410682,0.4745762711864407,8,3.379877552802135,-3.5355198092448106,9.896771475439046,0.41307934603269836
Changed sensing/correlation,deadline_fusion,fungal,8,0.0005171228077729267,-0.0006640622918686473,0.0016063419218644431,0.46042697865106746,8,8.230155179119869,-1.1419249110512055,18.46217889465566,0.1991900404979751
Slower priority,economic,static_tuned,8,0.02612423161249744,0.018450370399359404,0.03410638054209493,0.007499625018749062,8,11.54570394555109,8.116504775436198,15.574984184577069,0.007499625018749062
Slower priority,fungal,economic,8,0.004208334915636741,-0.0023952352366792967,0.009808199046079599,0.28538573071346435,8,34.89013502344236,26.15120966251851,42.02583321366837,0.007499625018749062
Slower priority,deadline_fusion,fungal,8,-0.006652578094988176,-0.00934004920121124,-0.003981071314922702,0.007499625018749062,8,-14.250906173000367,-19.85295181575934,-8.393646820284651,0.01544922753862307
128 planning paths,fungal,economic,4,-0.0029074397244472916,-0.005065620895477463,-0.00101359813849633,0.1285935703214839,4,7.049312692944753,-3.637160763371469,17.735786149260974,0.5063746812659367
128 planning paths,deadline_fusion,fungal,4,0.0010259970354621895,-0.0015589724771569446,0.0037180572600541695,0.6259187040647968,4,-0.5044071885029098,-14.015401388589822,13.978705290478047,1.0
Calm,economic,static_tuned,6,-0.00030467305429486097,-0.0007780982097832142,0.00017466170785003973,0.3143342832858357,6,-60.01545393234388,-60.99901062497755,-58.88389462934568,0.03164841757912104
Calm,fungal,economic,6,0.00010440305093293671,-4.990334510004043e-05,0.00031322556837282036,0.4703264836758162,6,5.186419485077039,2.959983181804214,7.577014731756208,0.03164841757912104
Calm,deadline_fusion,fungal,6,-4.793347621451227e-05,-0.00017466170785003973,8.010800134468828e-05,0.4992250387480626,6,-2.1172604883800923,-3.7295027266947613,-0.5050182500654236,0.12919354032298386
Temporary blackout,economic,static_tuned,6,-0.0010591328374516633,-0.0026547266347284695,0.0003256849890737971,0.28348582570871456,6,-18.24081671147575,-23.650578601930903,-12.48789105857484,0.03164841757912104
Temporary blackout,fungal,economic,6,0.0007360743402252309,-0.0005896474197344034,0.002246963775424419,0.5048747562621869,6,4.947164791699294,-5.007635497517195,15.006591752591467,0.4378281085945703
Temporary blackout,deadline_fusion,fungal,6,0.00011425239536052197,-0.0011031265758951563,0.0012515233652714008,0.8761561921903904,6,7.196975966722012,-1.9649457625844586,16.35889769602848,0.24778761061946902
