price,policy,n,delivered,delivered_lo,delivered_hi,energy_wh,energy_wh_lo,energy_wh_hi
0.01,economic,10,0.5471589137479158,0.5267478533448653,0.5675204333953288,502.3643260559347,491.6960400429178,511.58161182600907
0.01,fungal,10,0.5482505560898778,0.5282928163823393,0.5676193711204243,503.64854472195657,491.79716549916054,513.7190137307787
0.01,deadline_fusion,10,0.5470415547813438,0.5269886556010632,0.56698045865868,495.3109802644893,486.6629538558134,503.219115402853
0.025,economic,10,0.5426431251846899,0.5218811526665563,0.5629227606543681,475.80495595256326,466.8734361053711,483.94981017777326
0.025,fungal,10,0.5464017054826877,0.5256191010289143,0.5666366768042315,477.87693654651395,470.3583413655849,485.0878895332941
0.025,deadline_fusion,10,0.5461560716615269,0.5262115363886373,0.5662825215606115,479.9872367116009,468.4293962849082,491.5668830528362
0.075,economic,10,0.5361765448302982,0.5151490474917476,0.5567401198767087,434.50362448221887,429.0170756918895,439.9986884880888
0.075,fungal,10,0.5377319690710495,0.5160601232979014,0.5586088944665979,439.40008212310806,432.2500873763708,446.2717116364078
0.075,deadline_fusion,10,0.5362864338367144,0.5134824632710532,0.5581559382192083,443.34045251848937,437.41383867235226,448.3733885043678
