dataset,scenario,policy,delivered,energy_wh,postwarmup_utility,capped_aoi_s,graph_connected,runtime_s,mean_recruited_vessels,accepted_moves,delivered_p10
bio_nominal,intermittent,economic,0.8432200943520717,273.80357166854003,0.826107371122788,16.25727847057271,0.7373317498020585,13.607936154333402,3.3479166666666664,22.416666666666668,0.3845486111111111
bio_nominal,intermittent,greedy_handover,0.8417417194510425,267.63326679943265,0.825014640276078,16.300825580628132,0.7345605700712589,12.018317753999932,1.51875,22.083333333333332,0.3854166666666667
bio_nominal,intermittent,linear_inhibition,0.8429066871206122,275.4570796112128,0.8256906196449115,16.257979513064132,0.7361441013460016,12.804638179750023,3.3395833333333336,22.416666666666668,0.3836805555555555
bio_nominal,intermittent,nonlinear_inhibition,0.8429788532594351,273.6765121170051,0.8258740712521223,16.277175705991024,0.7367379255740301,11.619841262250247,3.3874999999999997,22.75,0.3854166666666667
bio_nominal,intermittent,periodic_handover,0.8426386414621271,263.8842496937684,0.8261458758562666,16.301959619952495,0.733174980205859,13.187101241083534,1.3958333333333333,20.5,0.38715277777777773
bio_nominal,intermittent,reciprocal_handover,0.8407107746107152,262.5410035130854,0.8243019618911474,16.4777666435735,0.733372921615202,13.216006392750083,1.1770833333333333,17.0,0.38628472222222215
bio_nominal,moving_front,economic,0.8481521110407066,327.16058442733464,0.8277045745139983,25.501283601583538,0.6603325415676959,11.090467136500138,5.4624999999999995,36.666666666666664,0.6263978356442474
bio_nominal,moving_front,greedy_handover,0.8408476965296421,306.61164306510443,0.821684468838073,26.550834672475336,0.6510292953285827,11.402748004249892,2.2354166666666666,35.25,0.6081582801667669
bio_nominal,moving_front,linear_inhibition,0.8478764363834532,327.31003807572876,0.8274195590037202,25.49896217198254,0.6605304829770388,11.524548252333261,5.360416666666667,35.916666666666664,0.6254123868456597
bio_nominal,moving_front,nonlinear_inhibition,0.8477890938302446,326.96004525949525,0.8273540910015261,25.5038467024046,0.661520190023753,11.434208569833421,5.3500000000000005,35.833333333333336,0.6261917639060851
bio_nominal,moving_front,periodic_handover,0.8340708571483803,298.5943069192541,0.8154087129659269,27.642229523734247,0.6563737133808393,10.003207742749964,2.1916666666666664,34.166666666666664,0.6041051525909319
bio_nominal,moving_front,reciprocal_handover,0.8311562038496708,286.6227612109224,0.813242281273988,28.180045180862567,0.6494457640538401,10.443755742583562,1.6312499999999999,27.833333333333332,0.5983679072966667
bio_nominal,sensor_fault,economic,0.8037101642913697,264.89551654990424,0.7871541945070007,26.436415446027976,0.8428345209817895,12.793147687916795,3.060416666666667,20.5,0.6996527777777777
bio_nominal,sensor_fault,greedy_handover,0.8030998449458959,261.58821779813127,0.7867505813335128,26.62548042029559,0.8351148060174188,12.067202163416823,1.3541666666666667,19.0,0.6996527777777777
bio_nominal,sensor_fault,linear_inhibition,0.8041225422275007,262.32266352619655,0.7877273757571133,26.44866307073106,0.8438242280285037,13.385688508500152,2.939583333333333,19.75,0.7005208333333334
bio_nominal,sensor_fault,nonlinear_inhibition,0.8039225389284771,260.0111055212459,0.7876718448333992,26.52945821786751,0.8418448139350753,12.395874757916923,2.81875,19.0,0.7039930555555555
bio_nominal,sensor_fault,periodic_handover,0.8029823172340986,261.22523055609173,0.7866557403243429,26.669388361045133,0.8355106888361045,13.145140890999906,1.2562499999999999,17.5,0.7013888888888888
bio_nominal,sensor_fault,reciprocal_handover,0.803011183689628,257.77101401760905,0.7869004953135272,26.79694716613882,0.8269992082343626,12.142330298082925,0.9541666666666666,14.416666666666666,0.6944444444444443
bio_nominal,storm,economic,0.4948267187912378,300.9777101396673,0.4760156119075086,98.15249529889154,0.2482185273159145,11.787669022499813,4.272916666666666,28.5,0.20138888888888887
bio_nominal,storm,greedy_handover,0.49376896938506204,284.52556417674896,0.47598612162401516,98.30005443388757,0.24228028503562946,12.509704209499963,1.5020833333333332,25.75,0.19618055555555555
bio_nominal,storm,linear_inhibition,0.49485352335708627,299.77886702664966,0.4761173441679207,98.41858216217999,0.24722882026920032,11.80003030908309,4.15625,27.75,0.20225694444444442
bio_nominal,storm,nonlinear_inhibition,0.4961071522829242,295.33568049703797,0.47764867225185936,98.08019513723939,0.24821852731591446,11.696318422166618,4.033333333333333,26.916666666666668,0.20225694444444442
bio_nominal,storm,periodic_handover,0.492515340459224,279.6107283800041,0.4750396699354738,98.69958679730799,0.24168646080760095,11.541474558916738,1.4729166666666667,24.333333333333332,0.1987847222222222
bio_nominal,storm,reciprocal_handover,0.4911957310636052,273.1054956365188,0.47412663758632273,98.79534095407759,0.24228028503562946,12.07186275374996,1.25,20.416666666666668,0.19357638888888887
bio_short,intermittent,economic,0.7789015076537344,298.07014085999725,0.7602721238499847,22.551402909738716,0.21516231195566113,11.938356983750054,4.6000000000000005,30.833333333333332,0.10503472222222221
bio_short,intermittent,greedy_handover,0.7735880179466877,283.9347931370724,0.7558420933756208,23.070834158089202,0.2036817102137767,11.60926624725001,1.6979166666666667,26.583333333333332,0.1032986111111111
bio_short,intermittent,linear_inhibition,0.7786107812087621,296.05404207502346,0.7601074035790732,22.53751608273951,0.21832937450514647,12.240921335249974,4.466666666666667,29.916666666666668,0.11024305555555554
bio_short,intermittent,nonlinear_inhibition,0.7780849993401953,293.7646649244111,0.7597247077824196,22.580300293613092,0.2149643705463183,11.920122571500087,4.358333333333333,29.166666666666668,0.10763888888888888
bio_short,intermittent,periodic_handover,0.7734271905515967,280.42446760523325,0.7559006613262697,23.07768994127738,0.1965558194774347,13.298198222750065,1.6375,24.916666666666668,0.10677083333333333
bio_short,intermittent,reciprocal_handover,0.7721673759567168,276.01999772210235,0.7549161260990854,23.292600702692,0.18151227236737924,12.96858100958328,1.3770833333333332,21.5,0.1032986111111111
bio_short,moving_front,economic,0.741164062993811,342.16178722108884,0.7197789512924929,37.513781875680145,0.2676167854315123,10.076904873833428,5.1000000000000005,34.5,0.29683247401688007
bio_short,moving_front,greedy_handover,0.7098518877836585,302.08144598188454,0.6909717974097908,40.99481848897646,0.2288202692003167,9.967169915249846,1.6729166666666666,30.0,0.19701577907992263
bio_short,moving_front,linear_inhibition,0.7432332699842595,345.45951152220977,0.7216420505141214,37.84117812119097,0.2695961995249406,10.69597012000016,5.0625,34.333333333333336,0.3045686774717132
bio_short,moving_front,nonlinear_inhibition,0.7427494568464769,344.55847202405266,0.7212145523449736,37.78952854193961,0.2688044338875693,10.960089445999833,4.9875,33.833333333333336,0.3024272426056485
bio_short,moving_front,periodic_handover,0.7039346830539469,300.28279596290844,0.6851670083062652,40.765097268018074,0.25,9.980125635749422,1.6500000000000001,30.0,0.17056736815760695
bio_short,moving_front,reciprocal_handover,0.6975041450055169,291.78255729523727,0.6792677351745646,41.122975828493466,0.24505146476642914,10.503840701916943,1.3645833333333333,26.5,0.15933305176333326
bio_short,sensor_fault,economic,0.7395853952230139,298.09863525283714,0.7209542305197116,34.502507257851676,0.0900633412509897,12.2088547016668,5.127083333333333,34.5,0.6006944444444444
bio_short,sensor_fault,greedy_handover,0.7323069246503034,287.4284833776724,0.714342644439199,34.478867692662966,0.07897862232779097,12.1675585598335,1.875,30.166666666666668,0.5859374999999999
bio_short,sensor_fault,linear_inhibition,0.7394905482977038,298.15479294367543,0.7208558737387242,34.13995488585378,0.0922406967537609,13.131800953749917,4.910416666666667,33.083333333333336,0.6015625
bio_short,sensor_fault,nonlinear_inhibition,0.7409070665083135,300.00138223490717,0.7221569801186317,33.82947553774083,0.09540775930324623,13.258686682666848,4.883333333333334,32.916666666666664,0.6006944444444444
bio_short,sensor_fault,periodic_handover,0.728531604645025,288.1599835242921,0.7105216056747569,34.97244284441805,0.07561361836896278,13.73758566316701,1.7354166666666666,28.166666666666668,0.5894097222222222
bio_short,sensor_fault,reciprocal_handover,0.7270614773027183,280.3575995729315,0.7095391273294102,35.156456188968065,0.07581155977830561,12.867614164166602,1.4124999999999999,23.583333333333332,0.5859374999999999
bio_short,storm,economic,0.3163227434679335,301.7161323508571,0.2974654851960049,133.82688786619158,0.08254156769596199,9.982016372750195,3.9291666666666667,26.416666666666668,0.00954861111111111
bio_short,storm,greedy_handover,0.2985884303246239,269.395470536371,0.2817512134161007,138.67075127012404,0.07937450514647665,11.109403796750106,0.84375,15.833333333333334,0.003472222222222222
bio_short,storm,linear_inhibition,0.3187928873053576,303.55593945010656,0.29982064108972595,133.71263855898653,0.08234362628661916,13.197736604750238,3.720833333333333,25.083333333333332,0.013020833333333334
bio_short,storm,nonlinear_inhibition,0.31778049947215625,301.9665974659942,0.2989075871305316,134.17478020256004,0.08155186064924783,11.43440183100006,3.7291666666666665,25.166666666666668,0.013888888888888888
bio_short,storm,periodic_handover,0.29629354711005546,268.358519483819,0.27952113964231673,140.16128101082077,0.07818685669041964,9.117863100083317,0.7458333333333332,14.0,0.0
bio_short,storm,reciprocal_handover,0.2950213611770916,267.95296730349446,0.27827430072062315,140.00704135325944,0.07759303246239113,10.106271879583346,0.6770833333333334,12.666666666666666,0.0
